Length,Width,Size,Conc,Conc1,Asym,M3Long,M3Trans,Alpha,Dist,class
,,3.241872549057007,0.45625653862953186,,,,,,,?
27.240373611450195,,2.6353189945220947,,0.34604528546333313,,,,,122.6829605102539,g
,,,,,,,,,,g
,,,,,,,,,,?
,,,,0.27321523427963257,,,,,112.48346710205078,?
142.84384155273438,,,,0.21975693106651306,,14.559324264526367,0.9059042930603027,,,?
139.5654754638672,,,0.3043430745601654,,,,,,,?
,,,,,,,,,,?
44.71079635620117,,,,0.1583530604839325,,,,31.723552703857422,,?
,,,,,,,,,149.23080444335938,?
,72.81263732910156,,0.23120538890361786,,,,0.6037238836288452,,182.24842834472656,?
,,,,,,,0.2245127260684967,,,?
,,,,,,,,,,?
34.696144104003906,,,0.4303509294986725,,,,0.6719728708267212,,139.18772888183594,?
,,,0.42383599281311035,,-0.9256465435028076,,,,,?
,,,,,,,,54.70452117919922,,?
,,,,,,-6.2631425857543945,,,143.1006622314453,?
,,,0.4651806652545929,,,1.7851314544677734,,,122.05110931396484,?
,,,0.4166283905506134,,14.489051818847656,,,,175.41061401367188,?
,29.556461334228516,,0.2509215474128723,,-16.443201065063477,,,,,?
,63.28588104248047,3.4055299758911133,0.2736828625202179,,,,-0.538792610168457,,,?
,,,0.39369627833366394,,11.98843002319336,,,,141.17266845703125,?
,,,,,,42.30770492553711,,,,?
,,,,0.14991559088230133,,,,,,?
,,,0.221640482544899,,-10.109615325927734,,,46.45794677734375,,?
,,,,,,,,,,?
,,,0.08282577991485596,,-62.59075164794922,,,,,h
,,,,,-12.77490234375,,,,,?
,,2.4207651615142822,,,,,0.21104466915130615,,,g
,,,,0.06967921555042267,,,0.4226343333721161,,,?
,44.22723388671875,,0.1321445256471634,0.03728108108043671,,,,,,g
,,,,0.4371541440486908,,,,,,g
,,2.1840784549713135,,,,,,,,?
,19.24746322631836,2.631486177444458,,0.23784103989601135,,3.7172255516052246,,,,?
,,2.8627591133117676,,,,-2.4376468658447266,0.9393675327301025,,176.46775817871094,?
,,,,,,,,,,g
,42.8599739074707,,,,,0.07546806335449219,0.6792385578155518,,,?
,8.936051368713379,,,,,,,,,?
,,,,,-1.1139769554138184,,,,,g
,,,,,,,,,,?
,13.101781845092773,,,,,,,,182.62672424316406,?
,,,,,,,0.11433759331703186,,,h
121.4354248046875,,,,0.1684911698102951,20.860177993774414,,,,145.2852325439453,?
56.64419937133789,24.323787689208984,,,,,,,,,?
,,,,,,,,,,?
,,,,,19.63414192199707,,,,270.7118225097656,?
36.20109558105469,,,,,,,,,,?
,,2.6429429054260254,,,-16.585399627685547,172.79266357421875,,,,?
,,,,,,18.74129867553711,1.160341501235962,,,h
,,,,,,-121.87928771972656,,,,?
,,,,,,,,,,?
,29.89525032043457,3.722552537918091,0.23070423305034637,0.04851153492927551,,11.560164451599121,,48.20574188232422,,?
,,,,,,,,,,g
,,,,0.4377548098564148,9.378070831298828,,,,,?
,,,,,,42.79366683959961,,,,?
,71.33753204345703,,0.1791473925113678,0.045902952551841736,,,0.3453386723995209,,,?
,,2.610126495361328,,,,-7.1878252029418945,,,164.26588439941406,?
,,,,,-15.65030288696289,152.33123779296875,,,,?
,,3.1981003284454346,,,,,,,181.47508239746094,?
,,,,0.16085366904735565,,,1.8235108852386475,22.616405487060547,,?
,15.401952743530273,,,0.33668196201324463,,,,,,?
,,3.729645013809204,0.18977300822734833,0.04645368456840515,,,,,,?
,,3.734677791595459,0.2405659705400467,,,,,23.418968200683594,,?
,,,,,,,,32.30070114135742,,?
,27.381084442138672,,0.21228983998298645,,,,,,,?
,,,,0.08867296576499939,46.84817123413086,,,,233.70245361328125,?
,18.280014038085938,,,,,,,,,?
,59.14539337158203,,,,,-7.039772987365723,0.9624266624450684,,,h
,,,,,,1.0381031036376953,,,,?
,,2.8976309299468994,,,,,0.27798566222190857,,,h
,,,,,,,-0.026247262954711914,51.19697570800781,185.8154296875,?
115.01116943359375,,,,,,,,,,?
23.602163314819336,,,,,,,,,,g
,,2.680556297302246,,,,,0.16299229860305786,,,g
,,,,,,,,,,?
,12.635674476623535,2.509688377380371,,,,,,56.218666076660156,177.14585876464844,?
94.177978515625,,3.749117374420166,,,,,,36.627071380615234,,?
,,,0.6321511268615723,,,,,30.90701675415039,,?
,,,,,21.376996994018555,,,,,?
,,,,0.1559179723262787,,,,,,?
,,,,,,,,,,?
137.46751403808594,,,,,-8.090487480163574,,,,,?
,,,,,9.345884323120117,,,,,?
,,,,,,-42.32862091064453,,45.06450271606445,,?
29.807592391967773,,,,,,,,,,?
41.54726791381836,62.20178985595703,,,,,,0.26877540349960327,29.303735733032227,,?
,,,0.29607677459716797,,14.940412521362305,,,,,?
115.8703842163086,,,,,,,0.5844355821609497,,188.49627685546875,?
,,,,,,,,,,?
,,,,0.3424326479434967,,,,29.819839477539062,,?
,,,0.2984021306037903,,,31.214447021484375,,39.168392181396484,,g
,,,,,,,0.07359766960144043,,233.50704956054688,g
,15.376456260681152,2.7070837020874023,,0.2762245535850525,5.433537006378174,,,,,g
,,,0.1199636161327362,0.04416923224925995,,,,,,?
,,,,,,-7.249081611633301,-0.1441669762134552,47.76655197143555,,?
,,,0.5201854705810547,,,,,,,?
,,3.4537103176116943,,0.11787991225719452,,,,,,?
,,,0.11722001433372498,,,31.615543365478516,,,,?
,,,0.3273404836654663,,,,,,,?
,,,,,-11.078821182250977,155.3699951171875,,,,?
139.16946411132812,,3.1950156688690186,0.7837840914726257,,,3.461520195007324,,54.52215576171875,126.6448974609375,?
,,,,0.27619126439094543,4.442849636077881,,,,,?
,,,,,,10.340066909790039,,,,?
,,3.3288733959198,,0.15319053828716278,,,0.08431163430213928,40.76905822753906,,?
,,,,0.2041383981704712,,,1.436509370803833,,,?
75.24786376953125,28.933286666870117,,,0.08004172146320343,,,,,,?
,,,,,,,,,,?
53.234458923339844,,,,0.16862602531909943,,,,25.88568115234375,,?
,,2.686067581176758,,,,,,,167.2623291015625,?
141.93336486816406,,,,,,,,,102.9698486328125,?
,,,,0.03159993886947632,,,,,220.5594482421875,h
,,,,,,,,,,h
,,,,,5.970592975616455,,0.18462614715099335,,,?
,,,0.7181561589241028,,-13.714689254760742,156.50877380371094,,46.648460388183594,,g
,17.895702362060547,,,,,,,,,?
,,,,0.17962229251861572,,-0.3342580795288086,,25.123184204101562,,?
42.43570327758789,,,,,,,,,,h
,,,,0.12461813539266586,,,1.1220855712890625,10.352087020874023,,?
,,,,,,2.4517898559570312,0.6963658332824707,,,h
,,,,,,,,,,g
67.19375610351562,,3.8953542709350586,0.24427613615989685,0.04770979285240173,,,0.9473897218704224,51.28575134277344,,?
43.86390686035156,,,,,,,,,,g
,,3.4293441772460938,0.3406674861907959,,,,0.5809596180915833,,149.3599395751953,?
,,2.753434419631958,,,,,,,,h
,,,,0.30627331137657166,,,,16.881824493408203,,?
,,,,0.29122108221054077,12.220905303955078,,,,,?
,,,,,,,,,,h
,,,,,,,,,,?
149.1820068359375,,,,,,6.150668621063232,,,,?
,,2.844040870666504,,,,,,,,?
,66.74237823486328,,0.19632214307785034,0.04675529897212982,,,3.684832811355591,,,?
110.34268188476562,14.616669654846191,,,0.37319231033325195,7.943310260772705,,,,,h
,48.1363410949707,,,,,2.2951736450195312,0.4281982481479645,46.060707092285156,,?
51.20109558105469,19.032682418823242,,,,,,,,168.41700744628906,?
,,,0.500099241733551,,,,,,137.5994110107422,?
,,3.5930771827697754,,,,,,,,?
,,,,0.4085463285446167,,12.550734519958496,0.20975133776664734,43.49623107910156,,?
65.89102172851562,,,,,,,,,,?
,,,,0.1890038400888443,15.13821792602539,,,44.770538330078125,145.29550170898438,?
,,,,,,,,,220.85414123535156,?
116.82130432128906,,,0.7463580369949341,,9.74020767211914,,,39.1756477355957,,?
,,,,0.15953484177589417,,13.955513000488281,,,,?
68.75566101074219,,,,,,,,,,?
,,,,,,,0.19589045643806458,,,?
,,,0.13207288086414337,0.04379397630691528,,,,,,?
,,,,0.07994389533996582,,,,,,?
,22.277652740478516,,,,,,,,248.55801391601562,h
,,,0.15236994624137878,0.04369358718395233,,,,,,g
,,,0.26421263813972473,,,6.092247486114502,0.5308469533920288,31.143535614013672,,?
,,2.155068874359131,,,3.8236374855041504,,,,,?
,,,,,,16.845020294189453,,,,?
,29.497053146362305,,,0.15288980305194855,,,,,,?
,,,,0.17643897235393524,,33.46770477294922,,,,?
28.616701126098633,,,0.7283840179443359,,,,,52.70347595214844,138.092041015625,?
,,,,,,,0.3499442934989929,,,?
,35.34525680541992,,,,,,,2.9126453399658203,,?
,11.049135208129883,,,,,,,,,g
,21.58972930908203,,,0.15928733348846436,,,,,,?
,18.44940948486328,,,,,,,,178.32720947265625,?
,,,,,,,,,,?
,,,,,,,,39.28333282470703,,?
,9.39241886138916,2.3800647258758545,,,4.26336145401001,,,,,?
136.4022216796875,,,,,,9.755034446716309,,,,?
,,3.4258930683135986,,,29.849346160888672,,0.05523097515106201,,224.11273193359375,?
,21.288103103637695,3.465830087661743,,0.08310669660568237,,,,,175.19790649414062,?
141.32127380371094,,,0.507024347782135,,,7.362826347351074,,45.434974670410156,,g
,,,,,1.5992121696472168,84.77226257324219,,44.604881286621094,281.076171875,?
,,3.359647512435913,,,-52.16337203979492,,,,183.83120727539062,h
,,,0.2085597813129425,,,,,,,?
,,,,0.2840227484703064,5.918515682220459,,,,,?
42.2178840637207,62.549522399902344,,,,,,0.20471858978271484,,,h
,,,0.10303720831871033,,,,,,,?
,,,0.15014436841011047,0.04440806806087494,,,,,86.5761489868164,g
,,,,,,,0.8374233245849609,,,?
,23.49201011657715,,,0.22912053763866425,,9.93993854522705,,,,?
,,2.8526692390441895,,,14.231462478637695,,,,,g
,,,,,18.000057220458984,,,,231.34532165527344,g
,,,,,-54.4107666015625,,,,,?
140.21751403808594,16.637557983398438,,,0.31655290722846985,,1.4213895797729492,,50.98979568481445,,h
,,,,0.27712881565093994,,,,55.084999084472656,143.84884643554688,?
,,,,,,,,45.8502197265625,,?
101.47711181640625,,,,0.23435015976428986,,,-2.110543727874756,,,h
,,2.4665846824645996,,,,,,,152.08245849609375,?
,111.96138000488281,,,,-124.7528076171875,,,,170.46282958984375,?
81.80722045898438,,,,,,,0.4428354501724243,27.26045799255371,,?
,,,,,-26.746423721313477,,0.5155709981918335,,,g
,,,,0.4552438259124756,,,,,,g
,,,0.2287842482328415,,23.868959426879883,,,,218.9214324951172,?
155.50233459472656,,,,,,,,33.779388427734375,,h
,,,0.5557386875152588,,15.357915878295898,,,,,?
,17.204814910888672,2.615481376647949,,0.30184829235076904,14.530496597290039,,,,130.05844116210938,g
,,3.4702768325805664,0.36404117941856384,,,,,,,?
,,2.1874430179595947,,,,7.359491348266602,,,,?
,83.97203063964844,,0.412916898727417,,,,-0.05969977378845215,,,h
,,,,,,,,,,?
150.5610809326172,71.95015716552734,,,0.13558265566825867,,26.565288543701172,1.4269146919250488,,,?
,,,0.344166100025177,,,,,34.04681396484375,154.660888671875,?
128.39071655273438,,,,,-0.8581960201263428,,,,,?
,,2.4177746772766113,,,,-6.105315208435059,,,,g
,,,,,16.02582550048828,,,8.783607482910156,,?
,,,,,,,,37.1330680847168,,?
,,3.501081943511963,,,,,0.2970959544181824,16.127378463745117,,?
,,,,0.20395472645759583,,16.463443756103516,,,,?
,,,,,1.0867867469787598,,,,,?
156.00277709960938,,,,,,27.174694061279297,1.28093421459198,,,?
,20.10491943359375,,,0.28082287311553955,,,,,,?
,22.985742568969727,,,,,22.328510284423828,,,,?
93.54631042480469,,3.2829346656799316,,,,,,,,?
,,,,,,,,,,?
,,,0.14115798473358154,0.044555455446243286,,,,,,?
45.689544677734375,,,,,,,,44.12059783935547,151.78567504882812,?
46.60329055786133,,,,,,,,,163.76124572753906,?
142.90623474121094,,2.6169443130493164,,,,-10.38033390045166,,,155.49127197265625,g
,65.75532531738281,,,,,,-0.09116742014884949,,264.53448486328125,?
,,,,,,,,,,g
,,2.6187586784362793,,,,,,,173.52516174316406,?
,,,,,,,1.0104117393493652,,,?
,8.67000675201416,,,,,,,49.40949249267578,,g
,,,0.28110772371292114,,,,,,,?
30.945825576782227,20.746990203857422,3.145190954208374,0.5754942893981934,,,,,,119.7829818725586,?
,,,,0.228034108877182,,,,,,?
,,,,0.2212228775024414,,,,,,g
,,,,,,,,,,?
,14.005298614501953,,,,,,,,,?
,57.589561462402344,,,,4.02102518081665,,1.128496527671814,,,?
,,,,,,18.21339225769043,2.287503480911255,,270.05401611328125,?
,,,,,-0.6321547031402588,,,26.909698486328125,,?
,,2.8679494857788086,,0.18900331854820251,,,,42.43791961669922,141.7239227294922,?
31.893508911132812,22.418794631958008,3.2029001712799072,0.3959639072418213,,,,,38.76465606689453,,?
,,,,,,,0.0977049171924591,36.55531311035156,,?
,,,,,-5.687487602233887,,,,,g
,17.02890396118164,2.620877742767334,,0.2616143524646759,,,,,,?
,,,,0.4181922674179077,,,,,,g
,,2.637385606765747,,,,,,33.72510528564453,,?
,,,,0.13022133708000183,,,0.34549519419670105,,,g
,,,,,,4.402120113372803,,32.95121383666992,,?
137.61740112304688,,,,,,-3.111879348754883,,,,?
,,,,,,,,,,h
,,,,,,,,,286.75677490234375,?
84.15625,,,0.30848607420921326,,,,,,,?
,,,,0.3485061526298523,,0.7777490615844727,,,102.96320343017578,?
29.532085418701172,,,,,,,,,,?
25.983360290527344,,,,,,,,,147.1536102294922,?
134.20130920410156,,,,,,10.240224838256836,,,,?
,23.809072494506836,3.1557390689849854,0.49407535791397095,,,13.89653205871582,,,93.21864318847656,?
,,,,,11.659555435180664,187.25564575195312,,,,?
117.75093078613281,,,,0.14904409646987915,4.199793338775635,,,,,?
,,,,,,,,,,g
32.36591339111328,,2.679783344268799,,,,,0.06044739484786987,,,g
,,,,,,61.005435943603516,1.6207082271575928,,,?
,,,,0.13581734895706177,,,1.5197521448135376,,,?
33.753929138183594,,,0.4214366376399994,,,,,,120.84593963623047,?
,,,,,-14.76882553100586,186.153076171875,,,,g
,,,,,,,,,174.94667053222656,?
,,,,,,,,,,?
59.33906173706055,,,,,,,,,,?
33.17805099487305,,2.502223014831543,,,,,0.1409430205821991,,,?
,,2.953427791595459,,,,12.874068260192871,,36.90172576904297,,?
,,,,,,,,,,?
,,,,,,8.110638618469238,,,,?
,,2.50597882270813,,,,,,,,?
,,,,0.16154037415981293,,,,,,g
,,,,,,,,42.177207946777344,,?
,,,,0.12365234643220901,,,-0.1122492253780365,,,?
,,,,,,21.68503761291504,,,,?
,19.578388214111328,,,,,,,,,?
,51.99346160888672,,0.25691717863082886,,,,,35.85698699951172,,?
,19.594240188598633,,,,,,,,,h
,17.82828140258789,,,,14.66091537475586,,,6.993579864501953,,?
,,,,0.1863388866186142,,,1.896923542022705,,156.45578002929688,?
,,,,,,,0.0780433714389801,,,g
,,3.1461024284362793,0.6997870206832886,,-17.77414321899414,154.18032836914062,,,,g
,,,0.177573561668396,,17.91869354248047,,,38.48240661621094,,g
,13.77138614654541,,,0.45454245805740356,11.252351760864258,,,,,?
,,,,,,,,,,?
,11.054071426391602,,,,,6.596543312072754,,,149.86358642578125,?
,,2.5795645713806152,,0.37626975774765015,,17.586891174316406,,,,?
,,,,0.0982852429151535,,,1.3914848566055298,,,?
,,,,,,,,16.26754379272461,,?
20.469974517822266,,2.284330368041992,,,,,,,166.36160278320312,h
,,,,,,,,56.532249450683594,,?
,,,,,,,,,182.1274871826172,h
,,,,,,-12.561566352844238,,,181.16761779785156,?
,,,,,,,,,220.30963134765625,?
,,,0.2049066573381424,0.04343488812446594,22.340341567993164,,,,,?
,77.82109069824219,,,,,,-0.2219553291797638,,,?
,,,,,,,,,175.26084899902344,h
,,,,0.22636252641677856,,-1.9001569747924805,,,,?
,,,,0.12284453958272934,,,,,190.7547149658203,?
,,,,,,,0.07997345924377441,,,?
,,,0.2339184433221817,,,,0.5840539336204529,,,?
,,,,,13.365751266479492,,,,154.82757568359375,?
117.13516235351562,,,,,,,,44.689308166503906,,?
,,,,,,,,,,?
,,,,,,,,4.130949020385742,,?
,,,,,,,,33.639984130859375,,g
,,,,,,,,,,g
,79.89142608642578,,0.1673898547887802,,,,2.128810167312622,,,h
,,,,0.09412441402673721,,,,,,?
,,2.62723970413208,,,,,0.056478351354599,,,?
,,3.2701542377471924,,0.14394569396972656,,,,,201.18492126464844,?
,,,,,,,,55.02100372314453,179.70172119140625,?
128.6063995361328,,3.504906177520752,0.4009091854095459,,-14.387737274169922,,,,,g
,,,,,,,,,,?
,,2.683732509613037,,0.29299721121788025,10.770679473876953,156.4351043701172,,,,g
,,,0.5341612696647644,,-5.936808109283447,,,,,?
,,,,,,62.80372619628906,,,,?
38.531131744384766,,,,0.1800072342157364,,,,44.015830993652344,142.28887939453125,?
28.58675193786621,,,,0.27672505378723145,,,1.5873538255691528,,147.4043426513672,?
,,,,,,,,,,g
,,2.427149534225464,,,,,-0.09736675024032593,,,?
,16.625484466552734,2.7374603748321533,,,,,,,,?
,,,,,-13.023164749145508,180.1338348388672,,,,?
188.1693878173828,,3.559164047241211,0.3395584523677826,,,,,,,?
,,4.2328996658325195,0.1674853414297104,0.04879702627658844,,,,,,g
,,,,,21.558700561523438,,,,,?
,62.754180908203125,3.317025661468506,,0.1169985756278038,,,0.6657981872558594,,,?
,,,,0.12224645167589188,,,,,,?
,17.279556274414062,,,0.30176132917404175,,-1.6176414489746094,,41.21099853515625,,?
,,2.7348124980926514,,,1.0461058616638184,,,,,?
,,,,,,,,,,?
,,,,0.17365750670433044,,,0.5507415533065796,,,g
35.58123779296875,,,0.20126420259475708,0.045472800731658936,,,,,,?
,,,,,,,,,,?
,,,,,,,,21.226909637451172,,?
,,2.2273895740509033,,,,,,,,?
,,,,,,16.143693923950195,,,,?
,,3.2032833099365234,,,,-96.20703887939453,3.9423317909240723,,,h
124.58267211914062,,2.9232451915740967,,,,,,,,?
,,3.292973518371582,,0.13368180394172668,,,2.186499834060669,,179.39588928222656,?
,10.319265365600586,,,,,,,49.2655029296875,173.95758056640625,?
150.0049591064453,,,,,,15.221435546875,,49.75447082519531,138.53749084472656,?
,,,,,,,,46.00175094604492,,?
,,,,0.19726364314556122,,50.8171501159668,,48.382225036621094,,g
144.0064697265625,,,0.38657161593437195,,,21.482463836669922,,44.17375946044922,,?
,,,,,,,,,,?
59.626556396484375,27.444087982177734,,,,,,,,168.57379150390625,?
,,2.332939863204956,,,,,0.12719228863716125,,,?
,11.811647415161133,,,,-16.128427505493164,170.66299438476562,,,181.1513671875,?
,,,,,13.58222770690918,,,,186.25987243652344,?
,,3.802800416946411,0.1871447116136551,0.04640516638755798,,,,19.312318801879883,,?
,,,0.32998552918434143,,,,,,,?
,,2.556701183319092,,,,-4.879823684692383,,25.90790557861328,,?
,,,0.08219403028488159,,,,,,270.2293395996094,?
,,,,,,-4.1420745849609375,0.6385297775268555,,,?
,,,,,,,,,,h
,,,,,-15.265268325805664,187.2376708984375,,,,g
,,,0.30717796087265015,,,,,,,?
,,,,,,,0.09438419342041016,,,?
,,,,,35.18928146362305,,,50.35169219970703,,?
,,,,,-0.3121986389160156,,,,195.51817321777344,?
,,,,,16.89383888244629,,,,213.56715393066406,?
,,2.3010220527648926,,,,,,,,g
,,,0.2296866774559021,0.0471000075340271,,,1.0849124193191528,34.65399169921875,,?
,54.45802307128906,2.480943202972412,,,4.029874324798584,,1.1179949045181274,,,?
,,,0.5611351728439331,,,7.036585330963135,,,,g
,27.148174285888672,,0.35742899775505066,,-20.124103546142578,163.92202758789062,,,135.61471557617188,h
,,,,0.3618629574775696,,,,,,?
,,,,,,,0.10940837860107422,,,?
,,,,,,,,,,?
,,,,,-12.960878372192383,,,40.7429313659668,,g
,,,,,,,,,,h
,39.71176528930664,,,,,68.91615295410156,,,,h
235.53172302246094,,,,,-17.188358306884766,189.141845703125,,,,?
,,,0.4291516840457916,,,21.250431060791016,,45.43369674682617,,g
,,,,,,,,,,h
,,,,,,,,,,?
,,,0.21123461425304413,0.04439374804496765,18.104516983032227,,,,,?
,,,,0.2884967625141144,,,,,139.20701599121094,?
,,,0.07213723659515381,,,,,,,?
115.83690643310547,,,0.1753799021244049,,,,-0.02035340666770935,,,?
,,,,,,,0.24040260910987854,,,h
,,,,0.10608815401792526,,,,,,h
,22.114025115966797,3.143904209136963,,,,,,,,g
30.119367599487305,,2.76790452003479,,,,,,,,?
,,,,,,,,,307.0546569824219,?
,21.173351287841797,3.172203540802002,0.7543681859970093,,,,,,,?
,8.90498161315918,2.2029058933258057,,,,,,38.056182861328125,,?
,,3.3376083374023438,,,,57.228599548339844,,,,h
,,,,,-20.38800811767578,,,,,?
,21.41840934753418,,0.604135274887085,,,,,48.84260940551758,,g
,,,,,,,,,,?
,58.39787292480469,,,0.22630879282951355,7.384400844573975,,0.5347838401794434,,,h
128.3299560546875,,,,,-15.391044616699219,,0.8808003664016724,,,?
28.380184173583984,,,0.7359967231750488,,,,0.656540036201477,38.34051513671875,,?
,,,0.5718861222267151,,,,-1.9621165990829468,,,?
,,,0.08775612711906433,0.04556886851787567,,,,,127.72906494140625,?
,,,,0.11724188178777695,,,1.0872150659561157,,,?
,,,0.08035993576049805,0.04602506756782532,-43.994258880615234,,,,,?
,,,,,,11.22035026550293,,,166.01370239257812,h
,57.54510498046875,2.9863736629486084,,,,,0.36648669838905334,,,?
,,,,0.41276484727859497,,,,,,?
30.437740325927734,,,0.7158135175704956,,,,,,138.2595672607422,g
,,,,,,8.233050346374512,1.386260747909546,,,?
,,2.16994309425354,,,1.812413215637207,,,46.922080993652344,,?
,,,,,,,,,,?
,,,,,,,,,,g
,,,,,,-4.935912132263184,,,127.3947525024414,?
,,2.8025708198547363,,0.20661704242229462,,,,,,?
,,3.303621530532837,,,,,1.553763747215271,,244.47500610351562,h
,11.275223731994629,,,,,,,,,?
,,3.3686091899871826,,,,5.116304874420166,,45.93098449707031,184.1240692138672,?
,,4.019619941711426,,0.07501634955406189,,,,39.392398834228516,,g
,,,,,,32.310733795166016,,,,?
,26.305419921875,,,,,,,,231.9962158203125,?
,,,,,,,,,167.33551025390625,?
,,,,,,,0.5017573237419128,6.069074630737305,,?
,,,,,,-0.8243303298950195,,,,?
,,,,,,1.5034770965576172,,44.6492919921875,,?
,22.86726951599121,,,,,,,,,?
156.69525146484375,,,,,,51.29470443725586,,,,?
,,2.8486239910125732,,,,,0.016098767518997192,43.16230010986328,,g
,,,,,,,0.022776693105697632,46.40412139892578,,?
,,,,,,,,,,?
,,,,0.1368243247270584,,,,,,?
,,,,,,,,43.494903564453125,,g
,66.79669189453125,,0.21098695695400238,0.0450739860534668,,-4.712262153625488,2.943296432495117,55.444950103759766,95.51725769042969,?
,,,0.6602669954299927,,,,,35.32908248901367,,?
,,,,0.1699388325214386,,,,,,?
,,,,,14.587039947509766,,,,,?
123.79742431640625,,,,,10.071699142456055,,,,,?
,,2.5355749130249023,,,,,,,,?
,,,,,,,,,,?
,33.47875213623047,,,,,73.25538635253906,,34.916419982910156,229.73818969726562,?
,,3.1600637435913086,0.5348032712936401,,,-1.524672508239746,1.2641760110855103,,103.481689453125,?
28.95372772216797,,,0.5636303424835205,,,,0.6605117321014404,,137.4071044921875,?
,,,0.2809813916683197,,,,,41.8004150390625,,?
,,3.0467381477355957,,,,,,38.43988800048828,,?
,,2.6382172107696533,,0.32397592067718506,,,,,,?
,,,,0.21753978729248047,,-3.2671098709106445,,,,?
143.43154907226562,,,,,-4.850317001342773,,,,168.8142547607422,?
,,3.4168481826782227,,,,,,,,h
45.64116668701172,,,,0.13339857757091522,,,0.48322561383247375,,,h
,,,,,,,,,167.09207153320312,?
,,,,,,,,,,?
,21.736175537109375,3.2227210998535156,0.4484046697616577,,7.737130641937256,,,,138.27682495117188,?
,,,,,,,,,,?
25.74813461303711,,2.534984588623047,,0.4638899266719818,,,,,,g
40.045555114746094,,,,0.182510644197464,,,,,,g
,22.67144012451172,3.1967079639434814,,0.1228814572095871,-13.851259231567383,,,,,?
,,2.4040231704711914,,,,,,,,?
,,,,,,,,,,?
,,,0.20645102858543396,,,26.389341354370117,,,190.2265167236328,h
74.4036865234375,,,,0.07324863970279694,,,,,,?
,67.04389953613281,,,,-9.925247192382812,147.3450927734375,2.4663891792297363,,,?
,,,,,,,,,,?
104.98126220703125,,,,,,,,,164.98936462402344,?
32.741268157958984,,3.3081860542297363,0.4809349775314331,,,,0.34107640385627747,49.002586364746094,143.0828094482422,?
214.91119384765625,,,,,,63.193328857421875,,,,?
,,3.772362232208252,,,-64.9727554321289,,1.0577011108398438,54.23831558227539,160.06207275390625,?
,19.26120948791504,2.694267988204956,,0.204790398478508,,1.1992483139038086,,,,?
77.9532470703125,26.570308685302734,,,,,,,,,h
,,,,,13.216445922851562,,,,153.3113555908203,?
,16.29831314086914,,,,0.1625051498413086,,,,,?
,,,,0.21876123547554016,,,,,,?
23.225948333740234,,,,,,,,,,h
,,3.9119582176208496,,,,,,,,?
,,,,,,,,,,?
,,,,,7.719351291656494,,-0.23047783970832825,,,?
119.67791748046875,,,,,9.21756362915039,,,34.54593276977539,,?
,,,,,,,0.13767309486865997,,164.75592041015625,?
33.62853240966797,14.294384002685547,,,,,,,,,?
,,,,0.2625954747200012,,,,,147.52528381347656,h
,,,,0.14139306545257568,,,,35.4245491027832,,g
,11.53845500946045,2.473475456237793,,,,,,,,g
,10.686563491821289,2.2843894958496094,,,,,,,173.88108825683594,?
53.18233108520508,26.843341827392578,,0.3654811978340149,,,,,,,?
,,,,,,,0.27335894107818604,,,?
38.53289794921875,20.788936614990234,,,,,,,37.761993408203125,,?
,,,0.2721814811229706,,,,,,,?
,,,0.4423913359642029,,-2.562399387359619,,,,,?
,,,,,,,0.1194329559803009,,,?
32.707115173339844,,,,,,,0.23456567525863647,,,h
,,2.847346544265747,,,18.917335510253906,,,,256.3033447265625,?
,,2.293351650238037,,,,,,,,g
,,,,,-4.796811103820801,,0.5673797130584717,,,?
,,,,0.1946195513010025,,,,,,?
,12.673165321350098,,,,,,,45.33094024658203,,h
,,,,,,,,,,?
,,,,,,40.27662658691406,0.688208281993866,14.927863121032715,,?
,,,,,,,,,232.0541534423828,?
,,,,0.1348555088043213,,,,6.789667129516602,,?
,15.551067352294922,,,,,,,,,?
,,,0.1410997360944748,,,,,38.61992645263672,,?
,,2.6306965351104736,,,,,,,,?
,,,,,,,,,,?
,,,,,,2.341519355773926,,,,?
,10.65183162689209,,,,8.015485763549805,,,,189.5859832763672,h
,55.908653259277344,2.904292106628418,,,,,0.13896507024765015,,,?
,,2.8418445587158203,,,,,,,,?
29.417760848999023,14.122050285339355,,,,,,,,,?
,,,,0.08523169159889221,,,2.118223190307617,,,?
,,2.3400397300720215,,,,10.79931926727295,,,,?
,,,,,,2.7191991806030273,,,,?
47.97420883178711,,,,,,,,27.326013565063477,,?
,24.841501235961914,,,0.16708366572856903,,16.68036651611328,,,110.47109985351562,?
84.8263931274414,,,,,,,,,,h
,14.965219497680664,,,,,,,,,?
,,3.2324912548065186,,0.14711534976959229,,,,16.984216690063477,,?
,,,,,,-7.539139747619629,,,254.79977416992188,?
,23.923995971679688,,,0.10450900346040726,-2.8019051551818848,,,9.144060134887695,,?
87.52041625976562,32.017520904541016,,,,,,,,,h
,,,,,,,0.09640070796012878,,170.13949584960938,?
,,,0.48303598165512085,,,,,,,g
122.6165771484375,,,,0.22233811020851135,,,1.7795782089233398,46.03794860839844,,h
,,2.3281896114349365,,,-16.923681259155273,176.96005249023438,,,178.18017578125,?
120.88345336914062,13.630149841308594,,,,12.03342056274414,,,,,?
,,,,,-14.290180206298828,,,,,?
,,,,,,11.955692291259766,,40.30189514160156,,g
,,2.52870774269104,,,,-9.01977252960205,,,181.9107666015625,?
58.29387283325195,17.995609283447266,,,,,,,,,?
,,,,,,,,,,?
,,,0.08025175333023071,0.04477158188819885,,,,,,?
,,,0.19883932173252106,,,,-1.061922311782837,,,?
,,,,0.19780626893043518,,,1.9130274057388306,,142.51107788085938,h
,,,,,,11.680193901062012,,,162.1640167236328,h
,,3.380774974822998,,,,,0.2840057909488678,48.28166198730469,,?
,,,,,,-0.25202274322509766,,,,?
,,,,,,22.88434600830078,,,,?
,,,,,,,,,,g
29.644834518432617,,,0.6425943970680237,,,,,,,?
,,2.7964489459991455,,,,,0.06521040201187134,,,?
,26.013856887817383,,,,,,,,,?
53.65353775024414,,,0.2294066846370697,,,,0.1032232940196991,28.2258243560791,,?
,,,0.19408495724201202,0.042636096477508545,,24.66414451599121,,,,?
,,,0.6852782964706421,,,,,,,?
131.45652770996094,,,,,-10.746284484863281,,,,,?
118.041015625,,,0.7243647575378418,,4.483705997467041,,,,,?
,,2.5019023418426514,,,,,,,,g
,,,,,,,0.12528379261493683,,171.53707885742188,g
,,,0.39285871386528015,,,,,,,?
147.31378173828125,,,,,-15.123247146606445,,,,,?
,,,,0.13536256551742554,,,,,,?
27.065895080566406,,,,,,,0.1516021341085434,,,?
,54.873191833496094,2.628542900085449,,,-11.795110702514648,,0.3748367428779602,14.634535789489746,,?
88.53099822998047,,3.5842671394348145,,,,,,,,?
,,,,,21.674482345581055,,,6.432714462280273,,?
,,,,,,13.08798599243164,0.4747990071773529,,,?
151.28158569335938,,,,,,8.41357135772705,,,162.42898559570312,g
,,,,,,,,,,?
,,,,,,15.794496536254883,,,,g
29.377906799316406,,,,,,,,,,?
,,,,,6.366356372833252,,,,,?
,33.30324172973633,3.8084421157836914,0.23033945262432098,0.04894499480724335,,,,46.35790252685547,,g
133.81161499023438,,,,,-4.730974197387695,,,,,?
59.71625900268555,,,,,,,0.22735805809497833,26.388689041137695,,?
,,2.6707706451416016,,0.34690654277801514,,3.0903568267822266,,,,g
,58.78217315673828,,,,,,0.2696244716644287,,,?
,,,0.1813170462846756,,,20.213970184326172,0.9537366628646851,,175.33148193359375,g
142.2923583984375,,2.7716524600982666,,,,7.700954437255859,,46.33927917480469,,?
34.9464111328125,,,,,,,,43.741615295410156,175.77711486816406,?
251.1754608154297,,,,0.10389058291912079,-0.3277287483215332,98.47766876220703,,44.10037612915039,,?
,,2.7436559200286865,,0.2164294570684433,,,1.0448757410049438,35.29209899902344,,?
,30.649333953857422,,0.16943900287151337,0.04582935571670532,,,,17.616003036499023,,?
,,,,,,,,,,?
,,,,,,,0.40672728419303894,,,?
58.512062072753906,18.255512237548828,,,,,,,,,?
,,,,,,54.470157623291016,,12.66346263885498,,?
,,,,,,,,,,g
49.725128173828125,,,,0.18053293228149414,,,,28.45599937438965,,?
,,,,,,,,,,?
,,3.4628243446350098,0.40142822265625,,,,,,,?
141.5792236328125,,,,,,,0.25529420375823975,,,?
,,,0.39710310101509094,,,,,14.126016616821289,,?
,,,,0.11298146098852158,,,,,,?
,,,,,8.942991256713867,,,48.25868225097656,185.81094360351562,?
,,,,0.15845027565956116,,,1.7032326459884644,,,?
,15.718159675598145,,,,,,,,,?
,23.731107711791992,,0.3163791000843048,,9.960693359375,,,,,?
,,,,,,,,,,?
,32.385921478271484,,,0.0991666167974472,,31.391109466552734,,,210.67523193359375,?
,65.82127380371094,,,,-36.46178436279297,173.6719512939453,2.786656141281128,,,?
,16.387649536132812,,,0.27953141927719116,,,,48.883766174316406,,g
,,2.8306827545166016,,,,,0.24767524003982544,17.094776153564453,,?
145.65345764160156,,,,0.06447584927082062,29.41073226928711,,,27.740541458129883,,?
,,,,,,7.7137346267700195,0.6107215881347656,,,?
,,,,,,,,,,?
,,2.3364100456237793,,,,-11.759661674499512,0.9690881967544556,,183.99537658691406,?
,,,,,,,,2.9063549041748047,,?
,,,0.1457202285528183,,,-22.406814575195312,,,214.42794799804688,?
27.290307998657227,,2.492849826812744,,,,,,,,?
,,,,0.1301678717136383,-3.0218899250030518,,,35.2980842590332,,g
,,,,,,,,,,?
148.4795684814453,24.642560958862305,2.9946680068969727,,0.14463260769844055,6.780282497406006,,,,,?
,,,,,-51.653743743896484,155.3362579345703,,,,?
,60.75160217285156,,0.4114811420440674,,9.816469192504883,,-0.32706519961357117,47.57775115966797,,h
,14.410045623779297,,,,,,,,,h
,,,,,,-11.311928749084473,,,171.5609893798828,?
39.00639343261719,17.33743667602539,,,,,,,45.42390441894531,,h
,,,0.582996129989624,,,,,,,g
,10.51296615600586,2.3295681476593018,,,,,,,,?
233.103515625,,2.3863017559051514,,,-14.460081100463867,180.68093872070312,,,,?
,,,,,-2.967869758605957,,,8.403646469116211,,?
139.32640075683594,,2.964942693710327,,,,,1.0755358934402466,,,g
,,,,,,,,,,g
95.65711975097656,,3.0852608680725098,,,,,,44.530277252197266,,?
,72.02083587646484,,,,,,0.14937321841716766,,,?
,,,,,,,,54.457725524902344,180.2822723388672,?
23.902904510498047,,,,,,,0.22335217893123627,,,?
,,,,,,,0.19880376756191254,,,?
,60.404563903808594,,,,,,0.2886338233947754,,,?
,18.909988403320312,2.6098923683166504,,,,20.10403823852539,,,,?
147.9704132080078,,,0.15186788141727448,0.04384668171405792,,,,,,?
,,,,,,,,,,?
,72.32469940185547,,,0.09981361031532288,,62.57001495361328,0.6261376142501831,,,?
,,,,,-3.268822193145752,,,,,?
,,,,,,,,,,?
,,,,,-22.959632873535156,,,30.31162452697754,,?
,,2.3712830543518066,,,,-3.178224563598633,,,,?
,,,,,,,,28.26802635192871,,?
,33.008079528808594,,,,,,,,236.87339782714844,h
139.31715393066406,12.72540283203125,,,,,5.551717281341553,,46.155303955078125,,h
,,,,,,,0.21195945143699646,,,?
,67.70274353027344,,,,-156.02952575683594,,,,,?
,,,0.19386941194534302,,,,,,,?
,,3.159830093383789,,,-20.09535026550293,,,,,?
,47.9705696105957,,,,,,,,,?
,18.531627655029297,2.759714126586914,,,-12.651979446411133,153.92501831054688,,,,?
70.83531188964844,,3.229689836502075,,0.11404011398553848,,,,39.14146423339844,,?
,,,,0.33580076694488525,14.34821891784668,,,,113.39631652832031,?
,,,,,,,,,222.41873168945312,g
,,,,,,,0.31759360432624817,,,g
,21.0531063079834,,0.6015355587005615,,,,,,,?
,30.6072940826416,,,0.11195912212133408,,,,,,?
,65.712646484375,,0.36731427907943726,,17.453628540039062,,1.1882418394088745,,,?
,,2.6528899669647217,,0.3186200261116028,5.010669231414795,,,,,g
,,2.284743309020996,,,,,,,,?
179.75531005859375,,,,,31.978408813476562,,,,,h
,,,0.15631821751594543,,,,,,,?
,,3.7311644554138184,0.212327778339386,,,,,,135.44674682617188,h
,,2.4706294536590576,,,,,,,,?
,13.615142822265625,,,,,,,,,?
48.17674255371094,,2.6382124423980713,,,,,,46.78887939453125,,?
,,,,,,,,,168.52532958984375,?
,,,,0.13500434160232544,,50.68377685546875,,,,g
,,,,,,,,,,?
,19.00135040283203,2.703455924987793,,,,,,52.03711700439453,261.50927734375,?
,,2.3732752799987793,,,,,,,,?
,13.453895568847656,,,,,,,43.06183624267578,173.35350036621094,?
,,3.424626111984253,0.295163094997406,,,,,,,?
,42.62678909301758,2.1673223972320557,,,,,0.1384260654449463,,,?
22.387556076049805,,,,,,,,,,?
,,,,,,6.990730285644531,,,156.7598114013672,?
,,,,,,,,,,?
,,,0.4327143430709839,,,9.384943008422852,,,,?
,,,,,,-21.041522979736328,,,321.8208923339844,?
,,,,,-5.083847999572754,,,5.532444000244141,,?
143.92359924316406,20.76835060119629,,,0.21556994318962097,,-1.0557632446289062,,44.85713195800781,,?
36.738487243652344,,,,,,,,,,?
,,,,0.3617500066757202,,,,,137.2408905029297,?
,,,,,,46.6082649230957,,,,?
22.71923065185547,,,,,,,0.26905059814453125,,,?
33.19980239868164,,,,,,,0.12922033667564392,,,?
,,2.693561315536499,,,,,,49.15678787231445,,?
32.683937072753906,,2.745590925216675,,,,,,,,?
38.25178527832031,,2.774606466293335,,0.22299090027809143,,,,35.490455627441406,,?
,,2.4912807941436768,,,,14.384563446044922,,,,?
,12.672816276550293,,,,,-0.4642305374145508,,,,?
,23.400251388549805,,0.5277420878410339,,,,,,,?
,,,,0.15828803181648254,,12.863412857055664,,50.693260192871094,129.7015838623047,g
40.2807731628418,,,,0.1662171483039856,,,,,,?
,,,,0.18444928526878357,,,,,,?
,,,,0.09895928204059601,,,,,,?
75.08715057373047,,,,,,,0.19191333651542664,,,?
,,,,,,,,,,?
,,,0.2940986752510071,,,,,,,?
162.0270233154297,,2.5522162914276123,,,,-8.793469429016113,,45.10554122924805,,?
,,2.4388763904571533,,0.4003483057022095,,,,,,?
31.16620635986328,,,,,,,,,,?
,,,,0.1212926059961319,,27.61304473876953,,18.506086349487305,,?
,,,,,,-5.647051811218262,,,,?
143.4996337890625,,3.1870181560516357,0.5422465801239014,,,-4.930483818054199,-0.03299605846405029,46.98725509643555,,?
,,3.5584492683410645,0.3140472173690796,,,,,,,?
159.9845733642578,,,0.1509227305650711,0.04216109216213226,,50.93719482421875,0.0024229586124420166,,,?
20.22391128540039,,,,,,,0.1813546121120453,38.488685607910156,,?
46.49068069458008,,,,,,,,,,?
,,,,,,-4.989833831787109,0.4174555838108063,,,?
,,,,,,,,,173.38848876953125,?
,,3.024247407913208,,,,,,,,?
,,,,,-19.900169372558594,,,,,?
,,,0.13648366928100586,,,,,41.586631774902344,,g
,,,,,3.9063096046447754,,-0.2645739018917084,32.44985580444336,,?
,,,,0.17553526163101196,17.339414596557617,,1.3602255582809448,,,g
,,,,0.053470805287361145,,,,,,?
,,,,,,,0.11943797767162323,,306.0588073730469,?
,,,,,,,0.221243754029274,,,?
,,,,,,,,40.97526550292969,,?
22.783863067626953,,2.3941421508789062,,,,,,,157.86044311523438,?
,19.223648071289062,,,,,14.220648765563965,,39.121246337890625,173.1446075439453,?
,,,,0.25280192494392395,18.020137786865234,,,,133.8074951171875,?
,,,,0.1381978690624237,,15.677249908447266,,,,g
,,,,0.22614318132400513,,,,,,g
,,,,0.12621742486953735,,,,,,?
,,3.202404737472534,,,,,,37.863853454589844,,g
,,3.8220558166503906,0.2301339954137802,,-4.481174468994141,119.52774810791016,,,,?
,,,,,6.205516338348389,,,5.418331146240234,,?
,,,,,,-7.519564628601074,0.9409608840942383,,176.98785400390625,?
56.64570236206055,,,0.32462817430496216,,,,,,,h
,,2.412445545196533,,,,5.49183464050293,,,,g
,,,0.12426859140396118,,,,-0.6499338150024414,,164.13790893554688,?
,,,,,-36.33894729614258,,0.9327609539031982,,,?
,20.35956573486328,,,0.22542117536067963,,,,,,h
,33.67597579956055,,,,,,,5.514629364013672,,?
,,,0.4359435737133026,,,,,,,?
158.02806091308594,,,,0.16454844176769257,,21.433889389038086,,,,h
,,,,,,,,,,?
,18.4566707611084,,,,,,,,,?
91.41345977783203,,,,,,,,,,?
,23.980531692504883,3.3409652709960938,0.37931519746780396,,,,,,,?
,,,,,,4.030244827270508,,,,?
,,,,0.24480721354484558,,,,,,?
,,,0.1388503760099411,,,,,,,?
,,,,,,7.643374919891357,,,,?
,,3.561014175415039,,,,,,,,?
,,,,,,8.193538665771484,,,,?
,,,,,,,,,148.55105590820312,?
,,,,0.2917671501636505,,,,,,?
28.95401382446289,59.09294891357422,,0.6678718328475952,,,,0.7631007432937622,,,?
,,,,,-35.42866516113281,,,,,h
,,,,0.18135052919387817,,,,,,?
,,,,,,,,,,?
,,,,,,6.752296447753906,,,,?
,21.902795791625977,3.1513381004333496,,0.14462484419345856,,,,12.178589820861816,,?
,43.158348083496094,2.2892184257507324,,,,,0.1038251519203186,,,?
,21.531538009643555,,,,,32.53776168823242,,,166.49087524414062,?
30.724468231201172,,,,,,,,,,?
,77.23381042480469,,0.2898994982242584,,,,0.21614421904087067,,,?
,13.814332008361816,,,,,,,,,?
,,,0.173346608877182,,,,,,240.23536682128906,?
111.00641632080078,17.241966247558594,,,0.30915409326553345,9.269777297973633,,,,,?
,,2.9736721515655518,,,,-3.5912256240844727,,,133.3625946044922,?
,,2.238395929336548,,,,1.9044599533081055,,,,?
122.03764343261719,19.391794204711914,,,,-2.826559066772461,,,,172.6808319091797,?
,,,,0.31989142298698425,,,1.6239122152328491,,125.8443832397461,?
,23.581205368041992,,0.7443468570709229,,,,,47.731781005859375,,?
,,,,,,,0.24787944555282593,,,?
,,,,,,,,43.26910400390625,,?
,24.988388061523438,,0.3138975501060486,,13.427412033081055,,,,,?
24.744590759277344,,,,,,,,,,h
,12.43224811553955,,,,,-12.004082679748535,,,,?
,23.6272029876709,,0.5547824501991272,,,,,25.06296157836914,,?
,,3.10406231880188,,,,,,,,g
,14.339856147766113,,,,-15.561044692993164,186.2047882080078,,42.847530364990234,,?
,,,,,,44.589080810546875,,45.493263244628906,234.6716766357422,?
,,2.7114295959472656,,0.3348720073699951,,,,,,?
,,,,,,,,,238.07180786132812,?
,,,,0.20799486339092255,,,,,,?
110.32884216308594,,,0.21040748059749603,0.04195490479469299,27.559776306152344,,,32.311161041259766,,?
,,,0.18984147906303406,,,,,,,?
,,,,,,,0.1425565630197525,,,?
,,,,,,,,,,h
,,2.509110927581787,,,,13.99503231048584,,37.45085144042969,,?
,,,0.31972578167915344,,0.4674243927001953,,,,,?
,,,0.17194150388240814,,-15.545476913452148,,,,,h
24.718555450439453,,,,,,,,,,?
,,2.760976552963257,,,,,,49.357765197753906,,g
,,4.3353776931762695,0.17455220222473145,0.04821467399597168,-12.21019172668457,,,,,?
,,,,,,,,,246.81552124023438,?
,,,,,,,,,,?
,,,,,2.197169780731201,,,12.512022972106934,,?
236.49905395507812,31.332046508789062,,,,-16.066606521606445,167.0322723388672,,,163.31045532226562,?
,,,0.659625768661499,,,,,,,g
,,3.0233821868896484,,,16.22804832458496,,,,,g
,14.478965759277344,,,,,,,44.008445739746094,,?
36.37300491333008,,2.623202323913574,,,,,,58.385398864746094,,?
,,,0.33627283573150635,,,,,,,?
,59.393211364746094,,,,,-0.08587360382080078,1.325893521308899,,,h
,,,,,,3.8311214447021484,,45.0809440612793,,g
,,,0.3254167139530182,,,7.949341773986816,,,,?
,,2.9926340579986572,,,,,,,205.12904357910156,?
92.04519653320312,,,,0.06222161650657654,,,,45.301361083984375,,?
166.53636169433594,,,,,,22.282546997070312,1.0923399925231934,,,?
151.2566375732422,,,,,,16.106670379638672,,,144.12730407714844,?
,,,,,-37.932769775390625,,,,,?
,,,,0.2860676348209381,,,,46.23308181762695,,?
,52.35608673095703,,,,,,0.14024607837200165,,180.73062133789062,h
,,2.458533763885498,,0.3723607659339905,,,,,127.32650756835938,?
,,,0.4254447817802429,,,25.188007354736328,,,,?
,,,,,,,,,,?
,,,,0.1253165304660797,,,,38.715213775634766,,?
18.886775970458984,,,,,,,0.10074034333229065,,,?
,,2.9781367778778076,,,2.6753764152526855,,,,,?
136.51437377929688,,,,,,-10.359450340270996,0.8367538452148438,,,?
,,,,,,,,40.18646240234375,,?
,,,0.6787334680557251,,7.574084758758545,,,,,?
,,,,,,,,,,?
,22.381261825561523,,,0.18444420397281647,,,,,,?
79.31282806396484,,,,0.11744018644094467,,,-0.222885400056839,,,?
183.917236328125,,,,0.06564822793006897,,,-0.5099891424179077,,,?
,,,0.18694211542606354,0.043659597635269165,,,,,,?
,,,,,,,,,252.6072235107422,?
,,,0.2603863477706909,,,,,,,?
,,,,,,,,,,?
,80.01310729980469,,,,-75.71128845214844,-27.81317138671875,,,154.79551696777344,h
62.04326248168945,,,,0.09986234456300735,,,,,,g
,,3.5475878715515137,0.25410109758377075,0.04671955108642578,,,,33.06529998779297,,?
,,,,0.07032057642936707,,57.87533950805664,,,,g
88.11424255371094,38.578792572021484,,0.21078543365001678,,,,,,,?
,,,,,-73.51270294189453,,2.6829822063446045,,,?
,,2.7927474975585938,,,-2.050605297088623,,,,,g
,29.405994415283203,,0.1879156529903412,0.04597678780555725,,1.273223876953125,,,59.929840087890625,?
,11.464082717895508,,,,,,,34.58110427856445,,?
185.09664916992188,68.79131317138672,,,,,,,,,?
,,,0.32867759466171265,,3.2517075538635254,,,,,?
,,,,,,8.372674942016602,,,,?
,,,,,,,,,,?
,,,,,,,,51.005027770996094,209.7431640625,?
43.27178955078125,,,0.35230186581611633,,,,,,,?
,,,,,,15.744503021240234,,,,?
,,,,0.17049364745616913,,,,7.199518203735352,,?
,,,,,,,0.3239683508872986,,,?
,,2.828120470046997,,,,6.4706525802612305,,,,?
,,,,,,1.6391887664794922,,44.45423889160156,,h
,,,0.4634926915168762,,,,,,,?
112.44185638427734,,,,0.42721229791641235,4.81635046005249,,,,123.25696563720703,?
,,,,,,,0.29716673493385315,,,?
,,2.7591092586517334,,,,,,,,?
30.7741641998291,21.024564743041992,,0.7295408248901367,,,,,,,?
,14.285547256469727,,,,,9.039678573608398,,,,?
,,,,,,,,,252.14796447753906,h
,,,,,-8.144699096679688,,,,,?
,,,,,34.3253059387207,,,,,?
,,,,,,,,,,?
,,,,,,,,,,?
64.8554916381836,,,0.2672976553440094,,,,-0.6441411972045898,,,?
78.11001586914062,,,,,,,,,,?
,,,,,,,,,,g
,,,,,,,,,,g
,,,,0.1568005084991455,1.3949179649353027,,1.2657968997955322,,,?
,,,,,9.111242294311523,,,28.716793060302734,,?
,13.288476943969727,,,,,,,,,?
,,,,,,,,,163.7868194580078,?
,,,,0.043171316385269165,,,2.930145263671875,,143.17645263671875,h
53.07172775268555,,,0.37168779969215393,,,,,,,g
,,,0.32541194558143616,,,,,,,?
,,,,,,,,,,?
57.6473274230957,20.8914737701416,,,0.22495867311954498,,,,,,?
,,,0.4873539209365845,,,,,,,?
,,,,,,,-0.007338583469390869,46.1617431640625,,?
,,,,,,,,45.55774688720703,,?
,42.12165069580078,,,,,,,2.5693607330322266,,?
,,,0.33724939823150635,,12.041234970092773,,,,,?
118.62771606445312,,2.263427734375,,,-0.9356229305267334,,,,170.9567108154297,?
,44.32160186767578,,,,,27.125446319580078,,,,h
,14.398897171020508,2.5349979400634766,,,,,,44.322792053222656,173.84408569335938,?
,,,,,,,,35.01118087768555,,?
,,,,0.27525314688682556,,11.852120399475098,,,123.28925323486328,g
,18.195758819580078,,,,,,,,,?
21.000202178955078,43.51445007324219,2.2427730560302734,,,,,0.20848208665847778,,,h
,,,,,,,,31.49976348876953,237.45584106445312,?
,,,,,10.009225845336914,,0.6863226890563965,7.547063827514648,,?
105.82975006103516,17.483373641967773,,,,,,,,,?
,,,,,-25.956600189208984,,0.12235857546329498,3.046001434326172,,?
159.4554901123047,,,,,,,,,,?
,75.61481475830078,,,,,,0.1906549632549286,2.7850589752197266,,?
230.66737365722656,,,,,-18.435495376586914,106.40198516845703,,38.0965461730957,,h
,,,,,-34.67991256713867,171.6866455078125,,,,?
,,,,,-7.62600564956665,,0.9273264408111572,,,?
,22.209060668945312,,,,,,,,228.13783264160156,?
,68.10052490234375,3.253136157989502,,,,57.61905288696289,1.6030288934707642,,,?
,15.624982833862305,2.6781444549560547,,,-4.043820381164551,,,,,?
,,,0.05459520220756531,,-150.1556854248047,,,52.602684020996094,,?
40.251930236816406,60.78728485107422,,,,,,0.15188510715961456,26.31352996826172,,?
,15.067541122436523,,,,,,,,,?
,,,0.13871657848358154,0.04349815845489502,,23.313867568969727,,,,?
,15.834348678588867,2.553126811981201,,0.2866147458553314,,,,,,?
,,,,,,,0.1251186579465866,,,?
,,,,,,,,,,?
,,3.726367473602295,,0.08507438004016876,,,,,,?
73.69414520263672,,,,,,,,,,?
33.29109191894531,,,,,,,,,156.66612243652344,?
,,,,,,,,,,?
,,,,,,,,,274.7552490234375,?
,,,,,,,,,160.97320556640625,?
,,,,,-53.1674919128418,,,,,?
,,,,,4.953619480133057,,0.180709570646286,,,?
,,3.4089393615722656,0.32055196166038513,,,,,,,?
,,,,,,38.31818771362305,,40.498748779296875,,?
,,2.2929885387420654,,,,,,,,?
,,2.693131446838379,,0.3411301374435425,,,,,,?
,,2.5912046432495117,,,,9.649368286132812,,33.89899826049805,,?
,,2.9398016929626465,,,19.016368865966797,,,,264.5148620605469,?
,13.995965957641602,,,,9.323205947875977,,,41.42650604248047,,?
,,,,,-11.169759750366211,158.02711486816406,,,,?
,,,,0.13487763702869415,,,,,156.61886596679688,?
145.4512939453125,,,,0.2284916788339615,-7.3649187088012695,,,,,?
,,,0.35539862513542175,,,24.974002838134766,,,124.69670104980469,?
,,,,,,,0.24064865708351135,,,g
69.73856353759766,,,,,,,,,,?
,,,0.46314316987991333,,-4.196185111999512,,,,,?
232.56488037109375,,,,,-11.637801170349121,152.2820587158203,0.8221352100372314,,,?
138.32090759277344,,2.6988306045532227,,,7.848080158233643,,0.46783140301704407,,,?
,60.49079132080078,,,,-35.13105773925781,,0.2707004249095917,,,?
,,,,,,,,,203.72769165039062,?
,,,,,,,,,171.92901611328125,g
,,,,,,,,,,?
,,2.175947666168213,,,0.3016319274902344,,,,,?
30.010618209838867,,2.74959397315979,,0.24411806464195251,,,,,,g
,66.87279510498047,,0.49555703997612,,,,-0.9493558406829834,42.06043243408203,,h
,,,,,,15.265809059143066,,,,?
,61.06047058105469,3.2726831436157227,0.38639816641807556,,,,0.5531269311904907,,,?
,,,0.16455768048763275,,,,,,,?
,,3.1587274074554443,,,,,,,,?
37.64994430541992,,,0.41438692808151245,,,,,,,?
,,3.124768018722534,,,,,0.03106510639190674,49.457061767578125,,?
,,3.8772366046905518,0.23647278547286987,,,,,,,?
,24.8510684967041,3.1273603439331055,,,,,,,,?
,9.020729064941406,,,,,,,,172.97393798828125,?
,,,,,,,,,156.81613159179688,?
26.522502899169922,,,,,,,,,,?
,,,,,,,,6.895208358764648,,?
,,3.2050704956054688,,,,,,,,g
,,3.375049114227295,,,,,0.3529457747936249,,,?
216.6388397216797,,,,,,,,,,?
,,,,0.2649573087692261,,,,29.67311668395996,,?
,,,,,,3.224888801574707,,,,?
,,,,,,,0.23021365702152252,,,?
,,,,0.26692745089530945,,-10.81470012664795,,,,?
,,3.1590576171875,,,,0.774317741394043,,,,g
163.17269897460938,,,,,,24.676877975463867,,35.98930740356445,,h
,,,,,,,-0.05514201521873474,44.682777404785156,,?
,,,,,,,,,,?
,,2.427577257156372,,,,-2.9890832901000977,0.2820205092430115,,,?
,10.696340560913086,2.3823909759521484,,,,,,,,?
,,,0.3024907112121582,,10.381570816040039,,,,,?
,,3.931687831878662,,0.0703580230474472,-79.65006256103516,75.86589050292969,,,,h
,15.124383926391602,2.554135799407959,,0.3625063896179199,,,,,,?
,,,,,,,,,,?
,17.782238006591797,,,,,-3.430537223815918,,33.65876770019531,,?
,,,,,,,,,,?
,,,,0.17227111756801605,,,1.5004122257232666,,125.77546691894531,?
,10.777497291564941,,,,12.268365859985352,,,,,?
39.19855880737305,21.21316909790039,,,,,,,,163.00735473632812,?
,,3.0450634956359863,,,,,,43.13441467285156,274.5199890136719,?
123.80104064941406,,,,,15.787250518798828,,,,,?
,,,,,,,,,,h
,,,0.19671814143657684,,,,,,,?
,,,,,,1.387495994567871,,,161.33059692382812,?
,88.16513061523438,,,0.044462770223617554,,,,,,?
,,,,,,20.404733657836914,,15.110633850097656,,?
,8.941248893737793,,,,,,,,161.51980590820312,?
,31.13315773010254,,,,,,,,,?
119.25473022460938,,,,,9.168174743652344,,,36.6864013671875,,?
,,,,,,,,,,?
140.77037048339844,,2.5487349033355713,,,,0.17517471313476562,,,,?
87.46778869628906,,,,,,,,,,?
,,3.321254253387451,0.5764946937561035,,,,,,,?
,10.998144149780273,,,,,,,,,g
35.942787170410156,,,0.45329439640045166,,,,0.2104756236076355,43.84281539916992,,g
,,3.246833324432373,,,,-8.151080131530762,,,138.91439819335938,?
,,3.881141185760498,0.2382969856262207,,,,,16.914993286132812,,?
,,,,,,,,,,?
,,2.7642691135406494,,,,-8.957398414611816,,,,?
,62.144287109375,,,,,21.749561309814453,,,,?
,,3.2156271934509277,,,,,,38.97818374633789,202.3213348388672,?
,30.50162124633789,,0.30902230739593506,,-20.380037307739258,,,,,?
23.760709762573242,,,,,,,,,148.23037719726562,?
,,,,,,,,42.66252517700195,,h
,14.479758262634277,,,,,,,,,?
,,,,,,,-0.1372722089290619,51.24317169189453,198.0774383544922,g
,,,,,15.503252029418945,,-0.4898550808429718,,254.3864288330078,?
,,,,,,,0.5934922695159912,,,?
,18.503406524658203,3.036980628967285,,,,,,43.46678924560547,,?
,,,,0.2308436632156372,,,,,,g
41.3115348815918,,,0.3550487458705902,,,,,46.48664855957031,139.2644805908203,?
,,,,0.25114643573760986,,16.062458038330078,,,114.8747787475586,?
23.601713180541992,,,,0.41742730140686035,,,,,113.21544647216797,?
,,,,0.04662702977657318,,,,,,?
,,,,,,,,,189.68472290039062,?
,29.449909210205078,,,,,,,,,h
,,3.7361600399017334,,,,,,,,?
,,,,,10.523092269897461,,,,,?
,,,0.6453040838241577,,,,-0.6778839826583862,,,?
,,2.6183905601501465,,,,,,,186.98316955566406,?
,,3.209667205810547,,0.20826204121112823,,-1.2752704620361328,-0.837812066078186,38.42850875854492,,?
,,,,,,,,,161.8981475830078,?
,45.094520568847656,,,,,,,,,?
,,,0.1048462986946106,0.04615037143230438,,,,,,?
,,,,,,,,,230.30035400390625,?
21.080337524414062,,,,,,,,,160.38650512695312,?
,,2.881859540939331,,,-19.116836547851562,,,52.134578704833984,222.58297729492188,?
,,,,,-35.73379898071289,,,34.31498336791992,,?
,,,,,,,0.06749093532562256,,176.31149291992188,g
,,3.76548433303833,0.19142137467861176,0.04768158495426178,,,,,,g
,,,,,,,,,199.3978271484375,?
65.3447265625,,2.8881335258483887,,,,,,,,?
,,2.6991055011749268,,,-14.492551803588867,178.90615844726562,,25.746597290039062,,?
,,,,,5.234477519989014,,,,,?
,23.940214157104492,,0.46556079387664795,,,15.286462783813477,,47.60276412963867,,?
,49.898380279541016,,0.3061174750328064,,,,,,,?
,,,,,14.475519180297852,,,,178.2383575439453,?
,,,,,,19.637441635131836,,,,?
124.63688659667969,,,,,3.0873560905456543,,0.6246582269668579,,,h
57.46083450317383,,2.9367144107818604,,,,,,,158.53970336914062,?
,,,,,,,,7.366676330566406,,?
,,2.671212911605835,,,,,,,,g
,,,,,,-1.4840354919433594,,,157.48995971679688,?
,,,0.402351975440979,,,23.41260528564453,,,,?
,,,,,-2.765620231628418,,,,,?
,,3.3950276374816895,,,,,,,,?
127.00979614257812,,2.933640480041504,,0.13942551612854004,10.967355728149414,,,,,g
,,,,,-13.019767761230469,,,,,?
,,,,,,,,,209.42987060546875,?
,,2.283564805984497,,,,,,,,?
26.866392135620117,,,,,,,,,165.63931274414062,?
,,,,,-20.736433029174805,,0.5536558628082275,,,?
,,,,0.1852155327796936,,,,,187.15963745117188,?
,,,,,-84.38385009765625,,,,,?
,,,,,,,,,,?
,,2.3458151817321777,,,,10.912187576293945,,,166.85574340820312,?
60.67900466918945,,,,,,,0.42018115520477295,,,?
,,,,,,,,,,?
,23.73491668701172,,0.562536895275116,,,19.8028564453125,,,,?
111.89315795898438,20.012357711791992,,,0.19756321609020233,0.39499759674072266,,,,,?
34.516151428222656,17.544958114624023,,,,,,,47.64031982421875,,h
,,,0.12990568578243256,0.044997140765190125,,,,38.41337585449219,105.7210922241211,?
33.289669036865234,,,,,,,,,,?
,,,,,,,0.09692049026489258,,159.9149932861328,?
29.451156616210938,16.0979061126709,,,,,,,,,?
,15.366174697875977,,,,,,,22.76622200012207,,?
,,,,,3.028230667114258,,1.2709323167800903,,,?
141.81838989257812,,,0.5380429625511169,,,15.99111270904541,,51.31547546386719,127.83021545410156,g
,,,0.46221697330474854,,,,,,,?
,,,,,,,0.3502027690410614,,,?
,,,,,,,,,,?
,,,,,,10.506208419799805,,,161.9202423095703,?
,18.336843490600586,2.660200595855713,,,-8.904936790466309,,,,,?
,,2.4878218173980713,,,13.10944938659668,,,,179.8872528076172,?
,,,,,,,,,,?
95.8937759399414,,,,,,,0.6734325289726257,52.29249954223633,175.70907592773438,?
,,3.509610891342163,0.24361984431743622,,,,,,,g
,67.16844940185547,3.3829684257507324,0.30144545435905457,,,,0.6190398335456848,,,?
,,,,0.3221714496612549,,,2.1631247997283936,,,?
,,,,0.07186366617679596,,,,,,?
,21.051355361938477,,0.5841668844223022,,,,,,,?
121.38336181640625,,,0.2948727309703827,,-4.347210884094238,,,,,?
,,2.547565460205078,,,-3.380417823791504,,,,,?
,,,,,,,,,,?
19.936107635498047,,,,,,,,,172.3345947265625,?
,51.7264289855957,,,0.29999032616615295,,,2.3879995346069336,,,?
,,,,,,,,,265.0057067871094,g
,,,,,6.93219518661499,,,,,g
39.84555435180664,,2.915807008743286,,,,,,,154.05474853515625,g
31.978416442871094,,,,,,,-0.12061002850532532,45.32795715332031,,?
,,,,,,,,,,?
,,,,,,60.21070098876953,,,,?
,,,,,,,,,,?
,,,,,,,0.18725024163722992,,,?
142.80738830566406,,,,0.03300581872463226,,,,,,?
,,,,,,,,,,h
,,,,,,,0.3248828649520874,4.3999176025390625,,?
,,,,0.09094598889350891,,,,,,g
141.8456573486328,,,,0.08006821572780609,-5.294844150543213,,0.33116912841796875,,,?
113.41278076171875,44.23493957519531,,,,-3.0318374633789062,,0.6418505311012268,39.04171371459961,,?
,,2.682620048522949,,,,,,,,g
,48.563541412353516,3.08676815032959,,,,,,,,?
129.98275756835938,,3.3310112953186035,0.5861161947250366,,-9.97610092163086,,,48.83350372314453,,?
128.7270965576172,,,,,16.58574676513672,,,,,?
,,,0.7321939468383789,,,,0.36782166361808777,,,?
,,,,,10.828006744384766,,,,,?
,,,,0.2601156532764435,,14.240519523620605,,43.76280212402344,,h
,,,0.7386947274208069,,2.4358811378479004,,,39.92372131347656,,?
,9.986954689025879,,,,1.1801753044128418,,,,,?
,,,,,,-7.460257530212402,0.5762655138969421,,,g
,,,,0.15417006611824036,,,,,,?
,58.892677307128906,,,,,,0.1953483670949936,,,?
,,,,,,,0.08319056034088135,,180.03781127929688,g
,,,,,,,0.1611620932817459,,,?
,,2.8900527954101562,,,,-11.48399829864502,,,207.59861755371094,?
,,,,,,,,,176.6175079345703,g
,,,,,,,,,,?
,,,,,-13.398569107055664,,,,,?
,,3.0192859172821045,,,,,0.07766392827033997,47.53990936279297,,?
128.348388671875,60.63446044921875,,0.20400631427764893,,,,,,,?
,,,,,,,0.2619776129722595,,196.1925506591797,?
,,3.391937017440796,,,16.645063400268555,,,,,?
,,,0.13932888209819794,,,,,,,g
,57.66126251220703,,,,,,0.20187169313430786,,,?
132.14141845703125,,,,,7.723893642425537,,,,159.2913055419922,?
,,,,,,,,40.228248596191406,,g
121.92640686035156,,,,,7.486335277557373,,,,,?
28.82119369506836,,3.1957814693450928,0.7511916160583496,,,,-0.6126477718353271,,,?
,,,,,,-5.150823593139648,,,,?
,,,0.29089272022247314,,,,,,174.1086883544922,?
110.52996826171875,,3.7796831130981445,,0.04847435653209686,,,,,,?
,,,,,,-50.33924102783203,,,,?
,,2.6860544681549072,,0.23774008452892303,2.2433924674987793,,2.1752445697784424,,,?
,,,,,,34.35087966918945,,,,?
,,,0.31534039974212646,,,,,,,?
,16.90744972229004,2.6971631050109863,,,,,,,,?
,,,,,,,,33.471221923828125,294.3056640625,?
,,,,,12.571514129638672,,,43.61052703857422,185.76565551757812,?
,,,,,,,0.18247762322425842,,,?
,,,,,,,,,,g
32.79381561279297,,2.760525703430176,,,,,,,,?
,,,0.12566521763801575,0.044907256960868835,,,,,,?
,,,,,5.902477741241455,186.04266357421875,,,,?
,,2.660390853881836,,0.28763914108276367,,,0.5190669298171997,,,?
,,,,,-3.1413817405700684,,,,155.44740295410156,?
,,,,,-4.960719108581543,,-0.1306956708431244,,,?
,,,,,,,,,,?
118.35806274414062,,,,0.22811706364154816,1.785550594329834,,2.445751190185547,,,h
,,2.8057286739349365,,0.1917756348848343,,,,,162.3427734375,?
,10.397181510925293,,,,,,,,,?
23.103607177734375,,,,,,,-0.024960339069366455,50.88795471191406,,?
,,,,,,,,43.21210479736328,,?
,,,,,,,,,,?
,,,,0.3073573410511017,,,,,,?
,28.659204483032227,,,0.1516094207763672,,4.014197826385498,,,,?
24.924264907836914,,2.4894752502441406,,,,,,,,g
,15.942331314086914,2.6821651458740234,,,,,,,,?
39.45948791503906,25.18765640258789,,0.34572649002075195,,,,,,,?
,,,0.6391642093658447,,,,,,,?
,,,,,,,,,,?
,,,,,,,,11.2227783203125,,?
,,,,0.2971472442150116,,,,,,?
82.37032318115234,,,,,,,,,,?
34.12103271484375,22.339099884033203,,0.42690038681030273,,,,,,135.60379028320312,?
,,,0.07988962531089783,0.04355400800704956,,,,,,?
,,,,,,,,,,?
226.15066528320312,,,,,-30.48094367980957,114.91525268554688,,,,?
119.04779052734375,,,,,0.03995084762573242,,,,,?
26.85158348083496,,,,0.2882159948348999,,,,,115.68550109863281,?
150.97225952148438,18.25412940979004,2.6919162273406982,,,,18.468486785888672,,,148.87393188476562,?
,,,,0.36308932304382324,,,,,,g
53.941524505615234,,,,,,,0.17293399572372437,,,?
,,,,0.33689084649086,,,,29.86844253540039,,?
,,2.5341193675994873,,0.4069586992263794,,,,,124.6044921875,?
,,,,0.09405825287103653,22.616483688354492,,2.342670440673828,,,?
,,,,,-12.91934585571289,175.97044372558594,,41.05510711669922,,?
,13.108044624328613,,,,-2.504730224609375,,,,,?
,,,,,,,,,,?
,,,,,,8.246475219726562,,,,g
230.18991088867188,,,,0.06663045287132263,,,0.7053276300430298,33.303001403808594,,?
,,,,,,,,,,?
,,,,0.1503351628780365,,,,,,?
,29.044275283813477,,,,,,,,,?
,,2.797950506210327,,0.21824201941490173,,28.31661605834961,0.8902677297592163,26.251876831054688,,?
33.687644958496094,,,,,,,,,,h
,,,,,,,0.31326282024383545,,,?
,23.77962875366211,,,0.13993267714977264,11.00130844116211,,,24.743240356445312,,?
,,3.495246171951294,,,,,0.4441808760166168,52.03009033203125,,?
,9.047762870788574,,,,,,,,,?
139.19485473632812,,,,,,12.540708541870117,,,,?
,,3.631256580352783,,,,,,,,?
,,,,,,,,,,?
,,,,,,,,47.16119384765625,,g
,,,,,,,,31.54191017150879,,?
,,,0.15221528708934784,,,,-0.8590056896209717,,,?
,,,,,,,,,,g
19.635841369628906,,,,,,,0.2385488599538803,,,?
66.02198028564453,26.424909591674805,,,,,,,42.11424255371094,,h
,,,,0.1225522980093956,,,,,162.84710693359375,?
,,2.328362464904785,,,12.544225692749023,,,,,?
,,,,,7.780123233795166,,,,189.44400024414062,g
,,,,,,,6.212461471557617,,,?
,,,,,,,,,,?
,,,,,,,,,,?
,,,,,,,,,,h
,,,,,,,,51.65208053588867,173.9751434326172,?
,,,,,8.062841415405273,,,45.94406509399414,,g
,37.289520263671875,,,,,,,,,?
,22.407127380371094,,,0.2118024379014969,,-9.454707145690918,,,,?
,,,,,,,,,,?
141.35215759277344,,,,,,12.688888549804688,0.472978413105011,,,?
,16.180912017822266,3.031623363494873,,,,,,,,?
,,,0.5519189834594727,,,,0.21359318494796753,56.06488037109375,146.84323120117188,g
,,,,,,,,,,g
,20.687108993530273,,,,,,,,,?
226.86795043945312,,,,,-13.131820678710938,175.77081298828125,,40.70323944091797,,?
87.24006652832031,,,,,,,,23.36311149597168,,?
,,,,,,,,,,?
80.09831237792969,,,0.41288071870803833,,,,,,,?
33.41142654418945,,,,,,,,,170.03665161132812,g
,,3.377643585205078,0.3890121281147003,,15.40743637084961,,,,,?
,,,,,,12.77392864227295,0.6283092498779297,,,g
,60.79869842529297,,,,-86.53374481201172,62.23973846435547,,,,?
140.11480712890625,,,,0.3453555107116699,,3.8390707969665527,,,,?
,,,0.40693897008895874,,3.7843680381774902,,,,,g
,,,,,0.3757505416870117,,,19.45774269104004,,?
,,,,,-0.14614343643188477,,,,,?
,15.532968521118164,,,,,-10.949295997619629,,44.22612762451172,,g
114.80075073242188,,,0.27275198698043823,,,,,,131.28656005859375,h
65.00794982910156,26.628087997436523,3.0335638523101807,,,,,,,,?
,,2.7100918292999268,,,,,,,176.6738739013672,?
,,3.4796805381774902,,,,,0.41212955117225647,,209.24742126464844,?
120.21847534179688,,,,,8.086410522460938,,,,,?
119.72196960449219,,,,,0.5380392074584961,,,,,?
,30.002344131469727,3.49672269821167,,,,,,,,g
246.9813995361328,,,,,7.709324359893799,61.97218322753906,,,135.70994567871094,?
,19.76508140563965,2.847254514694214,,,,,,,,?
,,3.215869665145874,,,,,,,,?
117.2910385131836,,,,,13.570589065551758,,,30.711380004882812,,?
,,,,,,5.38722562789917,,,,?
,,,,,6.755752086639404,,,,,?
,,3.6979761123657227,,0.11944029480218887,-36.427154541015625,150.68740844726562,,,,?
,,3.005112886428833,,,-15.606855392456055,152.47921752929688,,,,h
,22.538776397705078,,,,-25.46023178100586,156.8308868408203,,,,h
,,,,,,,3.199338912963867,,,?
,,,0.35832086205482483,,,,-0.7606303691864014,17.398317337036133,,?
,,,,,,,,,,?
119.21868896484375,,3.1919362545013428,0.5775805115699768,,-4.348814487457275,,,,,?
,,,0.3653537333011627,,,-10.530570030212402,,,,?
,,,,,17.295146942138672,,,,,?
,,,,0.09471243619918823,,,,,,?
20.89423370361328,8.705719947814941,,,,,,,47.2227668762207,,g
,,,,,,,,,,?
,26.6506404876709,,,0.17689257860183716,,,,,,h
,,,,,,,,48.01446533203125,205.79989624023438,g
,,,,,,,,,,?
,,3.878906726837158,0.18040114641189575,0.04701262712478638,,,2.1109747886657715,,,?
,,,,,,,,,,?
33.04804229736328,,,,0.2401702105998993,,,1.5646640062332153,,,?
,,,,,,,,,,?
,47.47357177734375,,0.26761865615844727,,,,,45.733768463134766,,h
,21.235877990722656,,,0.2032729983329773,,,,,,h
,,3.193758487701416,0.7332777976989746,,,,,50.66435623168945,138.09681701660156,?
,,,,,,14.202543258666992,,28.520475387573242,,?
,,2.8514044284820557,,,13.837282180786133,,,,,?
,,,,,,,,,,g
,15.662464141845703,,,0.32728493213653564,,,,,,?
,,,,,,,,,,?
,,,,,,7.691887378692627,,,,?
118.70970153808594,,,,,-1.417344570159912,,,,,?
186.29055786132812,,,,,,13.092550277709961,,41.4868278503418,,?
,,3.1559572219848633,,,,,,,,?
114.05409240722656,17.765560150146484,2.7118289470672607,,0.21783238649368286,1.2149896621704102,,,,,g
,28.540863037109375,,0.18332688510417938,0.0455588698387146,-8.402311325073242,133.239501953125,,,,?
,,,,,,,,56.974029541015625,,?
32.276649475097656,50.99507141113281,2.3826568126678467,,,,,0.18561120331287384,,,?
133.7741241455078,,,,,,0.7398338317871094,,47.581329345703125,,g
,,2.1507720947265625,,,-13.007196426391602,177.53408813476562,0.9244410991668701,,,?
,,,0.11068668961524963,0.04464085400104523,,-1.045684814453125,,,,h
,,,0.1821410059928894,0.04418541491031647,,,,,,?
,45.704132080078125,,,,,,0.23431620001792908,,,?
35.34127426147461,,,,,,,,,,g
,,2.9425275325775146,,,,,,,,?
,,,,,1.3155546188354492,,,,,g
,,,,0.31204554438591003,,,1.4062962532043457,,,?
,,2.414354085922241,,,2.558504104614258,,,,,?
,,,,,,,,,,?
,27.694416046142578,3.566124677658081,0.29489970207214355,,,41.40290832519531,,41.062538146972656,,?
,65.88524627685547,3.272291421890259,,0.11877415329217911,,,1.7221949100494385,,,?
64.2906494140625,,,,0.1462637484073639,,,-0.1024109423160553,,,?
21.176177978515625,,,,,,,,,,g
,32.374839782714844,,,,,64.32849884033203,,,,?
47.64110565185547,,,,,,,,,182.13201904296875,?
113.71723937988281,,,,,,,-0.3475123941898346,,,?
,,3.2398054599761963,0.5575364232063293,,,,,40.493160247802734,,?
,,,,0.2958543300628662,,14.849065780639648,,,,h
,,,,,,8.43016529083252,,,166.30621337890625,g
,,,,,16.189292907714844,,,,,?
,,,,,,,,,,?
,12.184965133666992,,,,,,,,164.85897827148438,?
,28.957374572753906,,,,,,,,134.30935668945312,?
,,,,,,,,,,?
,,,,,,38.177337646484375,,,,?
120.27610778808594,,,,,8.718301773071289,,,,180.7841796875,?
,13.413067817687988,,,,14.643640518188477,,,,,?
,,,,,,,,,,?
,,,,,,,,,,?
86.18122863769531,,,0.21635688841342926,,,,,,,?
,,3.146749973297119,,,,,,,,g
,14.42753791809082,2.472217082977295,,,,8.789680480957031,,,,?
,,,,,,-7.969109535217285,0.08158683776855469,,271.8659362792969,?
99.39486694335938,,,0.45172229409217834,,,,-0.4684573709964752,,,?
,,2.9717726707458496,,,,14.500734329223633,,,,?
,,2.555004596710205,,,,,,,171.13966369628906,g
,,,,,,,,,262.822998046875,?
,,,,,,,,,,g
,,,,0.2454870343208313,,10.747570991516113,,46.79709243774414,,?
,,,0.23758536577224731,,,,0.18487700819969177,,,?
,,3.3250603675842285,,,,,,,,h
,,,,0.40371251106262207,,,,,,?
,,,,,,,0.23292936384677887,,,h
57.56451416015625,,,,,,,0.28611212968826294,,139.7684783935547,?
,,,0.21560560166835785,,,,,,,?
,49.706459045410156,,,,,,0.19212821125984192,,,?
,,2.839902877807617,,,,,,,,g
,,2.8682239055633545,,,,0.3568449020385742,,,,?
,,,,0.15290673077106476,,,1.704599142074585,,159.14895629882812,g
,,,,,,,,,,?
,,,,,,11.725839614868164,,,,?
,,,,,,,,46.877113342285156,284.5903625488281,?
,76.25279998779297,,0.3075129985809326,,,,0.0864727795124054,,,?
,,,0.3546980619430542,,,14.681180953979492,,,96.20539093017578,?
,,,,,,0.7511634826660156,,,153.32315063476562,g
51.5045166015625,16.5751953125,2.7548844814300537,,,,,,34.009761810302734,,?
70.83531188964844,,,,,,,,,,?
,,,,,,,,,,g
,,,,,,,,,,?
,,,,,,-98.82186889648438,,,,h
,,,,,,,,55.50791549682617,177.17054748535156,?
,,,,,,,,,,g
,,,,,,,,,197.16810607910156,?
26.532569885253906,,,,,,,,,158.752197265625,h
,,,,0.29670119285583496,,,,,128.93063354492188,?
,35.2829475402832,,,,,,,,,?
,,,,,,14.382200241088867,,,,g
146.56146240234375,,,,,-7.152631759643555,,,,,?
,,,,,,,1.100028157234192,,,?
,17.323184967041016,,,,,,,,,?
143.56459045410156,,,,,-12.683935165405273,,,,,?
,63.539512634277344,,0.47436994314193726,,12.159130096435547,,0.24568071961402893,25.98963737487793,,?
,28.048858642578125,,,,,,,,180.9250946044922,?
,,,0.1982218325138092,,,,,41.950836181640625,,?
46.931640625,,2.963913917541504,,,,,,38.37270736694336,,?
33.52485656738281,,2.755992889404297,,0.20972378551959991,,,,,,?
,,,,,-135.46827697753906,,,,,?
,16.496944427490234,2.6959426403045654,,,,,,,,g
,,,0.18923071026802063,0.04509134590625763,22.406431198120117,,,,,h
,,,,,,,,,,h
,,,,,,,,,164.09506225585938,?
123.00529479980469,,,,,-0.8951270580291748,,,,,h
,25.294082641601562,2.951056957244873,,0.1580372452735901,,,,,,?
,,3.9501755237579346,,0.06949129700660706,,,0.10468646883964539,,,?
119.26654052734375,,,,,,,,,,?
,38.724754333496094,,0.20910602807998657,,-15.709859848022461,142.54312133789062,,,223.29483032226562,?
,,,,,,,,,205.49179077148438,?
25.615747451782227,13.280363082885742,,,0.3821871280670166,,,,45.1451416015625,,?
,,2.4181556701660156,,,,,,46.82301330566406,,?
,,2.643951892852783,,,,,,,,?
,,,,0.20809485018253326,,18.619625091552734,-0.44740667939186096,,,?
,,,,,,,,,270.4815368652344,?
,,,,,,54.37321853637695,,,,?
,,,,,,,,,,?
,,,0.4895559847354889,,,,,55.03211975097656,140.17724609375,?
32.154571533203125,,2.888118028640747,,0.1624816656112671,,,,37.583396911621094,,?
,,,,,,,,,,?
,,,,0.12151667475700378,,21.545475006103516,,,,?
232.0249786376953,,3.2148380279541016,,,,95.46046447753906,,,,?
,,,0.2007935494184494,,,,,,,?
,,2.5237908363342285,,,,19.94532012939453,,,,g
,,,0.23150745034217834,,-18.68153190612793,,,,,?
224.67555236816406,,2.702068328857422,,,-37.60322189331055,186.30516052246094,,,,?
,,,,,,,,47.23729705810547,224.34152221679688,?
,,,,,4.779910564422607,,,,,g
,,,,0.22669436037540436,,15.313396453857422,,,,?
,,,,,,,,,,g
,,,,,,,,,,g
,,,,,,,,,,?
,,,,,,,,,,?
83.74014282226562,,3.0547749996185303,,,,,,,,?
,,,0.24267449975013733,,,8.086420059204102,0.4539642035961151,,,?
,42.43972396850586,,,,,,,,255.11123657226562,?
111.10716247558594,27.39602279663086,,0.24810829758644104,0.04911245405673981,17.143457412719727,,,,,?
,,,,,,,,,,g
,,,,,,,,30.37740135192871,236.7113494873047,?
,,,,0.2614332139492035,16.384742736816406,,,,,?
,,,,,,,,,,?
,,,,,,,,,,?
,,,,,-14.232746124267578,177.7675323486328,0.8786863088607788,,197.69105529785156,?
,,,,0.21009907126426697,,,,,,?
47.08113098144531,,,,,,,0.268183171749115,,,?
,,2.4749081134796143,,,,,0.24209806323051453,,,?
,,,,,,,,,,?
,,,,,8.570398330688477,173.38555908203125,,,,h
,9.156879425048828,,,,,,,47.802406311035156,,?
,,3.2011215686798096,0.7237999439239502,,,8.215827941894531,,48.43457794189453,,g
,,,,,12.829887390136719,,,,169.82984924316406,h
,,,0.38570162653923035,,,-4.4476423263549805,,,,g
,,2.553956985473633,,,,,,,,?
160.1699676513672,,,,,,-10.353716850280762,,,179.13104248046875,?
,,,,,,-3.629426956176758,0.5949398875236511,,,?
43.96309280395508,,,,,,,,,,?
,,,,,,,,31.396574020385742,,?
,,3.1920645236968994,,,,,,,,?
,,,,,,,,,,?
,18.138168334960938,,,0.22403983771800995,,,,,,h
,,,0.4395758807659149,,,,,,118.00361633300781,?
,,,0.6131736636161804,,,,,,112.7601318359375,?
,,,0.0752565860748291,0.042769551277160645,,,,,,g
,,,,,,,,,,?
,,,0.3092780113220215,,,10.622190475463867,,,,?
,9.41209888458252,2.175837516784668,,,,,,,,?
82.31888580322266,,,,,,,,,,?
,,,,,-12.910636901855469,,,,161.14735412597656,?
,,,,,,,,,,?
,,,0.23853513598442078,,,-2.015875816345215,,,,?
,,,,,,9.681800842285156,,,,?
,,,0.09128311276435852,0.04507987201213837,,,,,98.48796844482422,?
,,,,0.3287156820297241,,,,23.99221420288086,,?
,37.46855545043945,,0.17420943081378937,,,55.26161193847656,,37.44639205932617,245.12936401367188,?
,,,,,,,,34.590877532958984,,?
,,,0.23967616260051727,,,,,,,g
,,,0.11172094941139221,,,-0.5999240875244141,,,,?
,16.23694610595703,,,,,,,,,?
,,,,,,-0.3212566375732422,,,152.3956756591797,?
,,4.267694473266602,0.16489411890506744,0.04537494480609894,,54.82434844970703,,,,?
23.44432830810547,,,,,,,,,,?
,21.794567108154297,,0.5769623517990112,,,,,,,?
,,,,,-21.183025360107422,,,,,g
,,,,,13.650957107543945,,,18.431625366210938,,?
121.65956115722656,65.37435150146484,,0.4767118990421295,,15.613903045654297,,0.5395291447639465,41.69361114501953,,h
,,3.032454252243042,,,,,,,,?
,,,,,,,,9.423128128051758,,?
,,,,,,,,,,?
,123.0954818725586,,0.14327560365200043,,,,1.224692702293396,,,?
,,,0.16714595258235931,0.04400806128978729,,,3.783395767211914,,,g
,,2.7829184532165527,,,,,-0.0672944188117981,,,?
,,,0.5874667167663574,,,,,,,?
101.70010375976562,,,,0.23800165951251984,,,0.7353595495223999,,,?
,26.22136116027832,,,,,-56.926517486572266,,,,?
,,,,,,,,,,?
,,2.5790798664093018,,,,,,,,h
,,2.816584587097168,,,,,,46.246437072753906,,g
,,,,,,-69.7741928100586,,,,h
,,,,,,,,,317.05120849609375,?
,,,,,,,,,,?
70.7348403930664,,2.9800634384155273,,,,,,,,?
,,2.7871222496032715,,,,,,,,?
,,,,,,,,,,?
122.41848754882812,22.352006912231445,3.0435409545898438,,0.1116790696978569,22.27950668334961,,,,,?
,11.01976490020752,,,,,7.65919303894043,,,164.0677947998047,h
,,,,0.4279650151729584,,,,,,g
,,,,0.13034604489803314,,,,42.174922943115234,,?
,,,0.48055100440979004,,,,,44.49563217163086,137.75027465820312,?
,,,0.7047313451766968,,,,,43.961280822753906,,h
,,,,0.2137463092803955,,,,,,h
,,,0.23694051802158356,0.04814434051513672,,,,38.69209671020508,,?
,,,,,,,0.1307206153869629,,,?
217.47117614746094,35.29554748535156,,,,-33.51606750488281,122.81949615478516,,,,?
143.2844696044922,,,,,,10.789616584777832,,,,h
27.331756591796875,,,,0.3453404903411865,,,,,,h
83.24202728271484,,,0.1511298418045044,0.04269754886627197,,,,,,?
241.37905883789062,,,0.41763871908187866,,-18.403900146484375,163.4930877685547,,,,?
,,,,,,,,,262.5439147949219,h
,,2.74751877784729,,0.23772932589054108,,11.774492263793945,0.8011048436164856,,,?
,,2.2688708305358887,,,,-10.010098457336426,,54.08897018432617,173.18309020996094,?
,,,,,,,,,,?
,16.459333419799805,,,,-4.131433486938477,,,,183.2821502685547,?
24.245447158813477,,2.3796446323394775,,,,,,,,?
,,,,,,,,,,g
34.74321746826172,,,,0.25681450963020325,,,,,,?
,,3.2493715286254883,,,,32.71208572387695,,,,?
,,,,,,,,,,?
,,3.052046298980713,,,,,,,,g
227.33804321289062,,,,0.09156948328018188,-5.995744705200195,150.70986938476562,,,107.50359344482422,?
,21.500751495361328,3.149489641189575,0.7495194673538208,,,,,,,?
,,,,,,,,,,?
,,,,,,,,,,?
,,,,0.48433467745780945,,-4.828908920288086,,,,?
22.79710578918457,,,,,,,,,,?
,,,,,,,,,,?
,,,0.6184313893318176,,,,,,,?
,,,,,,,-0.05664330720901489,49.09678649902344,185.95140075683594,?
,,,,,,,,,,?
,,3.240457773208618,,,,-13.463774681091309,,,,?
149.18724060058594,,,,,,22.74327850341797,1.1167786121368408,,124.44111633300781,?
,,,0.17385855317115784,,19.74976921081543,,,,,?
,27.501670837402344,,,,,-8.743145942687988,,,,?
,,,,0.18877309560775757,,,1.9873700141906738,,,?
,,3.216226816177368,,,,,,,,?
,,,,0.3552168309688568,,,,,121.35086822509766,?
172.12196350097656,69.02608489990234,,,0.08703538775444031,,,0.1638624668121338,,,?
,71.32588958740234,3.8133747577667236,0.22944281995296478,0.049325376749038696,,24.814353942871094,,,,g
86.85919952392578,,,,,,,,,115.83892822265625,g
,,2.990323781967163,,,,,,,181.44020080566406,?
,23.772584915161133,,,,,,,,224.11004638671875,?
,56.62555694580078,,,,,,0.08443984389305115,18.818843841552734,,?
50.19428253173828,,,,,,,,,,?
130.08370971679688,,,,0.2339116781949997,17.673133850097656,,,,,?
45.005943298339844,,,,,,,,,,g
,,,,0.1277470886707306,,,,47.979427337646484,177.81222534179688,?
,,,,,,,,,,h
,12.052947998046875,,,,,,,29.20928192138672,,?
,,3.7307145595550537,,0.07510523498058319,,,,,,?
,77.3099136352539,,,,,,,,,?
33.668548583984375,,,0.24122776091098785,0.05279110372066498,,,,,,?
,,,0.2584698498249054,,,,,,,?
,,,0.40642911195755005,,,,,,,g
,15.072822570800781,,,0.3214493691921234,,,,,,?
,,,,,,,0.16735851764678955,34.799007415771484,,?
124.72067260742188,,,0.41980624198913574,,7.795033931732178,,,,,?
,,,,,,,,,156.42184448242188,g
,,2.732051372528076,,0.2758200168609619,,,,,,?
,,,,,,,,,,g
,,,,,,,,,,?
,,,,,,,,,,?
137.26869201660156,,,,,,-9.559590339660645,,,,h
,,,,,,,,,,?
,,2.825510263442993,,0.20759521424770355,,,,,,?
,,2.173929452896118,,,,,,37.2903938293457,,?
,15.976388931274414,,,0.3118266463279724,,,,37.07110595703125,,?
,,,,,,,,,,g
,,,,,,,0.2668868899345398,,,?
,15.76729965209961,,,,,,,11.93781852722168,,?
,65.74388885498047,,0.4392452538013458,,,,0.05283248424530029,,,?
,11.469130516052246,,,,,,,48.72392272949219,,?
,,2.7751102447509766,,,,,,50.18495178222656,181.2141876220703,?
,,,,,,,,,199.20254516601562,g
,,,,,,-9.582287788391113,,,146.78909301757812,?
,,,0.3092079162597656,,,,,,,?
,,,,,,,,52.62066650390625,,?
,,,,,,-5.27733039855957,,,,?
,,,0.4555318057537079,,,,0.14189662039279938,,,?
39.645179748535156,,,,,,,,,169.5147705078125,?
,,,,0.17148220539093018,,,1.7759389877319336,,147.48190307617188,g
,20.23648452758789,,,0.21759216487407684,,,,,,?
,,,0.7242171168327332,,1.689317226409912,,,,,?
,,,,,,,,,,?
,22.056995391845703,,0.46546539664268494,,,,,,119.31782531738281,?
,,,,0.2836913764476776,,,-0.4833672344684601,,,?
,,,,,,,,,,?
,,,,,,13.869157791137695,,,,?
68.98979187011719,,3.509861946105957,0.27278974652290344,,,,,,,g
,,,0.1992608606815338,,2.118690013885498,,,,,?
,,3.2518770694732666,0.5820440649986267,,,,,,,?
,,,,0.22398538887500763,,,,,,?
,,,,,3.751990795135498,,,,,?
39.02459716796875,,,0.3543913662433624,,,,-0.7625162601470947,41.88525390625,,?
228.00030517578125,,2.5974133014678955,,,-16.427326202392578,172.28392028808594,,,168.43246459960938,?
,25.895586013793945,3.3922102451324463,0.3911021649837494,,,,,,,h
,,,,0.17496320605278015,,,1.824613094329834,,,?
,,,,,,,,,,?
,30.10164451599121,,0.5242228507995605,,,,,,,?
,,,,,,,0.3947148621082306,,,?
47.304141998291016,25.613943099975586,,,,,,,,,h
,,,,0.2572893500328064,,16.82726287841797,,,,?
,,3.3450441360473633,,,,65.27891540527344,,,,?
,,,,,,,0.07135966420173645,35.59743881225586,219.18487548828125,?
123.32614135742188,,,,,8.610170364379883,,,,,?
,19.112329483032227,,,,,,,,,h
,92.63147735595703,,,0.15363074839115143,,,2.940122365951538,,231.0413360595703,?
,,3.5344793796539307,0.32707440853118896,,,,,,,?
,,,,,,,,,,g
,,,0.4236251711845398,,,,,,,h
,,,,,,,,,,?
,,2.6956920623779297,,,,,,,170.33407592773438,?
,,,,0.1878013014793396,,,,,,?
,,,0.5715391635894775,,,,,,,?
,,2.5098538398742676,,,,,,,165.13595581054688,?
,,,,,8.783035278320312,,,,,?
,,3.0602147579193115,,,,-61.945858001708984,1.1105437278747559,,,?
133.91061401367188,,,,,,-0.01476287841796875,1.1293842792510986,,168.21202087402344,h
,,2.747605323791504,,,,-1.5564489364624023,,,172.67440795898438,?
,,,,,,,,,160.3043212890625,?
,,,,,,,,,157.11256408691406,?
,,2.6101417541503906,,,,,,,167.89059448242188,?
,23.15459632873535,,0.5781824588775635,,0.9821209907531738,159.81631469726562,,,,?
,,3.437570810317993,0.34811410307884216,,,14.06505012512207,,,,g
26.251140594482422,,2.6234054565429688,,0.2951187491416931,,,2.4449663162231445,,,?
20.980438232421875,,,,,,,,,,?
51.35459518432617,,3.4542746543884277,0.30216771364212036,,,,,48.066314697265625,,g
,,,0.2753511667251587,,15.677558898925781,,,,,?
,22.837726593017578,,0.4743751287460327,,10.327091217041016,,,,,?
,,,,,,11.214380264282227,,44.03900146484375,,?
,,,,0.3516029715538025,8.39664077758789,,,,,?
,25.59221076965332,,,,,,,,241.45945739746094,h
,15.438496589660645,,,,,,,,154.15206909179688,?
,,,,0.2258499562740326,,,,41.477630615234375,141.49925231933594,?
,18.673255920410156,,,,0.40364789962768555,,,,182.93557739257812,?
,,,,,11.514970779418945,,,,,?
33.356117248535156,,3.534201145172119,0.26670581102371216,0.047045812010765076,,,0.7961150407791138,,,?
,64.35249328613281,,,,,40.98880386352539,0.41758662462234497,,,h
,,,,,,,0.11858013272285461,,,?
,15.141794204711914,,,0.42714008688926697,,20.3572998046875,,,,?
,,,0.3068486750125885,,,,,38.01168441772461,137.79183959960938,?
135.995849609375,,3.081324338912964,,,22.320480346679688,,,,156.19187927246094,?
,,4.0586724281311035,,0.05046066641807556,,-93.80416107177734,,49.224143981933594,,?
,,,,,,,,,,?
,,,0.411981463432312,,,,,,,g
230.67713928222656,62.175865173339844,,,,-37.42753219604492,190.28628540039062,2.605510711669922,,,h
,,2.748302936553955,,0.25667834281921387,,,1.781303882598877,,,?
,,2.4245474338531494,,,,,,42.05693817138672,,?
,24.393810272216797,3.160006284713745,,,,,,,,g
,,,,,,,,,166.35765075683594,?
,9.235241889953613,,,,,,,45.68494415283203,,?
,,,,,,-57.326480865478516,,,262.45953369140625,?
,,,,,-48.54713821411133,,,,,?
93.69337463378906,,,,,,,,,,?
,,,,,,55.544281005859375,,,,h
109.08914184570312,,,,,,,,,,?
,,,,,,,,20.320812225341797,,?
,,,0.07224723696708679,,,,,,260.91912841796875,g
,,,0.23288370668888092,,14.124162673950195,,,,131.39276123046875,?
,,3.435178756713867,,,,,,,,?
,,3.2922604084014893,,,-73.25862121582031,,,,219.2932586669922,?
,,,0.22139456868171692,,,,1.5892585515975952,,273.5584716796875,?
22.90024185180664,,,,,,,,,,g
,,2.656445026397705,,,,-8.900235176086426,,,,g
123.64773559570312,,,,0.1792943924665451,-0.9237182140350342,,,,,h
,,3.575808048248291,0.2371007353067398,0.04931625723838806,,21.981216430664062,,47.35771942138672,,?
,,,,0.15758073329925537,,,-0.6816482543945312,,,?
163.21499633789062,,,,0.20857100188732147,-5.316080570220947,,,,,?
,,,,,,26.733253479003906,0.43938031792640686,,,g
,,,,,,,,,282.4207763671875,?
,,,,0.19378237426280975,,,0.1412985771894455,,135.3983917236328,?
,,,,,,,-0.03332638740539551,,,?
,,,0.7290140986442566,,,,0.630581259727478,,134.68310546875,g
,,3.6325087547302246,0.27633196115493774,,,35.38465881347656,,,,?
,,,,,,16.202255249023438,,,163.7607879638672,?
39.87898254394531,,,0.31285059452056885,,,,,,,?
,29.827394485473633,,,,,27.451526641845703,,,286.77008056640625,?
,,2.7550625801086426,,,,,,,,?
,15.75963020324707,,,,,,,,,?
,51.06819534301758,2.638475179672241,,,,,0.1076880544424057,,203.7826690673828,g
,,,,,32.649288177490234,,,6.617204666137695,,?
114.96698760986328,,,,,-23.6230411529541,,,,,?
23.54197883605957,,,,,,,0.06654927134513855,34.410125732421875,,?
,,3.3889925479888916,,,-55.942405700683594,,,,201.4469757080078,?
147.94285583496094,,3.1904003620147705,,0.12196135520935059,,-4.283529281616211,,,136.92959594726562,?
,,,,0.25215649604797363,15.699180603027344,,1.9460405111312866,,,?
91.99821472167969,54.8702392578125,,,0.0964789092540741,,,,37.790863037109375,,?
,,3.6939697265625,0.5252290964126587,,-40.40192794799805,,,15.355889320373535,,?
,,,,,,,,,,?
,,,0.28320544958114624,,,,,6.488319396972656,,?
,,,0.4192817807197571,,,,,,144.3076934814453,?
,,,,0.11266282200813293,,,,,,?
,,2.822296619415283,,,,,,,,?
,20.89270782470703,3.2522456645965576,0.7228472232818604,,,,,46.25695037841797,,g
,82.35704803466797,,,0.11089907586574554,,,0.2614513039588928,,,?
,,,,,,,,39.364784240722656,,?
,21.633607864379883,,,,-18.123538970947266,,,,,h
,,,,,,,0.12850818037986755,,174.40325927734375,h
,,,,,,,,,,?
,,3.375307559967041,0.4189079999923706,,,,,,,?
,,,,,,,,,,?
,,,0.09313929080963135,,,,,,176.23873901367188,h
,,,,,,,0.2412436604499817,,,?
,,,,,,,0.1450785994529724,,,?
,,,,,,37.50938415527344,0.5419747829437256,,,?
,,,,,,,,,,?
,,,,,,21.906105041503906,,,,?
28.608232498168945,,,,,,,0.08010268211364746,,,?
,,,0.4959257245063782,,,,,53.0384635925293,141.45831298828125,?
128.3490447998047,,,,,9.27127456665039,,-0.20873621106147766,,,?
,12.392537117004395,,,,10.90815544128418,,,,,?
96.556884765625,,,,,,,,,,?
,,2.4880917072296143,,,15.262584686279297,,,,,?
,,,,,,,,,152.13681030273438,?
,12.266009330749512,,,,,,,,,?
,,,0.38906005024909973,,,,,,,?
,,,0.31101951003074646,,,,,,,?
,,,,,-15.015850067138672,169.21795654296875,,,165.1503143310547,?
21.6722354888916,,,,,,,0.2496337592601776,,,?
,54.34947204589844,,,,,,0.11107359826564789,,240.4891357421875,?
,,,,0.3116868734359741,,,1.7174254655838013,,148.44314575195312,?
81.61335754394531,,,0.20239457488059998,,,,,,112.08272552490234,g
24.374929428100586,,2.4668667316436768,,,,,0.11435475945472717,,,g
63.89179229736328,,,,,,,,44.53213882446289,,g
,,,,,,,,,,?
108.74606323242188,,,,,,,0.051558464765548706,41.97092056274414,,?
,,,,,,,0.21070687472820282,11.38287353515625,,?
,,2.681950092315674,,,,,,,,?
159.71815490722656,,,,0.10054762661457062,,37.162445068359375,0.6344976425170898,,,h
78.83076477050781,,,,,,,,,,?
,,,,,-0.28749513626098633,,,,,?
,,,,0.3095899224281311,,,,,,?
,,,,,,,,,169.93429565429688,?
,,,,,,,,21.880741119384766,,?
68.05633544921875,26.62116241455078,,,,,,,21.735374450683594,,?
,,3.186105728149414,0.5608766674995422,,,,0.8071271181106567,,,?
91.00784301757812,,3.3835203647613525,,,,,0.19567541778087616,44.65591049194336,,?
133.18516540527344,,,,,,-3.6010513305664062,,,,?
,,3.5684473514556885,0.21922484040260315,0.04717503488063812,,,,,,?
20.165496826171875,,,,,,,,,,g
,,,,,,,0.15421199798583984,,,?
,,,0.07831647992134094,0.043934985995292664,,,2.66040301322937,,,?
22.802072525024414,,2.3869822025299072,,,,,-0.03890898823738098,50.14878845214844,185.29490661621094,?
,,,,,,,-0.030586987733840942,54.14045715332031,186.0818634033203,?
,,,0.1771150529384613,0.04300065338611603,10.844583511352539,,,43.12055969238281,103.41081237792969,?
138.8993377685547,,,,,24.178077697753906,,,,161.01148986816406,?
,,,,,,,,,268.1804504394531,?
,,,0.31564927101135254,,-8.47502613067627,,,,,?
184.62374877929688,32.530723571777344,,,,37.746517181396484,,,39.41496276855469,,?
,,2.5351719856262207,,,,,,,,g
,,,,,,3.899956703186035,,,,?
,,,0.4436474144458771,,,,,,122.57723999023438,?
,40.14173889160156,,,,,19.642932891845703,,,,?
,,,,,,,,,248.21311950683594,?
,,,,,,,0.09152612090110779,,172.81210327148438,g
,,,0.2579774856567383,,,,,,,?
,,,,,,,,,,?
,,,0.3588661253452301,,,,,,,?
,,,,,,,0.13135826587677002,,193.45953369140625,?
135.55726623535156,11.674169540405273,2.2706873416900635,,,,2.6864752769470215,,,,?
,,,,,,,,,,?
,22.02997589111328,,0.5114601850509644,,,,,,,?
,,2.7216920852661133,,,,,,,,?
,,,,,,,,,268.6471862792969,?
,,,0.075815349817276,0.04467368125915527,,,,,,?
,,,,,8.779691696166992,,,,,?
,,3.857372760772705,,0.07372599840164185,,,0.3078930974006653,,,?
,,,,,,,,,,?
,,,,0.14760255813598633,,,,9.253204345703125,,?
222.37734985351562,15.568011283874512,,,0.39106467366218567,-11.73156452178955,154.93731689453125,,,122.60855102539062,?
,,,,,,,,,,g
,,,,,,,,19.982851028442383,,?
28.239410400390625,,,,,,,,,,h
,,,,,9.359310150146484,,,,,?
,,,,,,,,50.681373596191406,186.52748107910156,g
,,,,,,,,47.78502655029297,,?
,,,,,,6.574532508850098,,,142.85336303710938,?
,,,,,,,,,157.43797302246094,?
,,,,0.3306155502796173,,,2.1823105812072754,,,g
,,,,,,,0.11163675785064697,,,?
,,,,,,,0.14803770184516907,8.222921371459961,,?
,,,,,,,,,,?
,,,0.06367689371109009,0.03725242614746094,,,,,,g
,,,,,,,,,,?
,,,0.4954237937927246,,,19.45978546142578,,,111.17351531982422,?
,,,0.3542846441268921,,,,,,,?
,,,,,,,,,,?
,,,0.5818108916282654,,,,0.7234306335449219,,,?
,,2.851518392562866,,0.20866216719150543,-10.050691604614258,,,,,?
,,2.992680072784424,,,-10.875871658325195,150.81622314453125,,,,?
,,,0.5079944133758545,,,,,,,?
,,,,0.10574325919151306,,39.033504486083984,,,,?
,16.915800094604492,3.0258054733276367,,,,,,,,?
,,,,,,8.707572937011719,-0.08363640308380127,45.264892578125,,g
,,,,,,,1.352858066558838,,,?
,,,,0.3304162323474884,3.114044666290283,,,,,?
,,,0.28194212913513184,,,,-0.6011474132537842,,,?
,,,,0.3120056092739105,5.667901515960693,,,32.981605529785156,,?
,,,,0.19590385258197784,21.54119110107422,,,13.065607070922852,,?
24.74128532409668,14.473672866821289,2.3923239707946777,,,,,,,145.2803497314453,?
,,,,,,,,,,?
,,2.2219762802124023,,,,,,37.66193389892578,,?
,,3.2648870944976807,0.5563096404075623,,,,,,125.32148742675781,?
,,,,,,,,,,?
,,,,,,16.54203224182129,,,,g
44.39925765991211,,,0.2755812406539917,,,,,,,?
,,,0.38359957933425903,,,,,,,?
,,,,,,,,,,g
,,2.414052724838257,,,,,,,,?
,,,,,,,,,,?
,17.909229278564453,,,,,,,41.24980545043945,,h
,32.23119354248047,,,,,,,,,?
,,,,,,,,,,?
,,,,,-161.99876403808594,,,52.47698974609375,,h
37.609474182128906,,,,,,,,,,?
,,,,0.40451472997665405,,,,46.665802001953125,,?
,19.064476013183594,,,,,,,,,?
109.09187316894531,,,,,,,,,,?
,,,,0.2475433349609375,,,1.4929418563842773,,,?
,,,0.2810433804988861,,,,,,,?
,,,,,,-2.983552932739258,0.5786210298538208,,,?
,24.17922019958496,,,0.11063890159130096,,,,42.26548385620117,,?
,,,,0.28741392493247986,-7.480128288269043,159.44851684570312,,,,?
,,3.418950319290161,,,,,,,235.2129669189453,?
151.0707550048828,18.98760414123535,,,,,17.592937469482422,,50.66885757446289,161.9468994140625,?
,,,0.4397639036178589,,,,,,,?
,21.99993324279785,,,,,,,,,h
140.12557983398438,,,,,17.249126434326172,,,,,?
,,,,,,,-0.11614587903022766,46.69207000732422,,?
,,3.186201810836792,,,,,0.13302768766880035,,,?
,,,,,,,,,207.03640747070312,g
44.461978912353516,,,,0.13791826367378235,,,1.6961983442306519,,119.44123840332031,?
,,,0.23340553045272827,,-15.211526870727539,,,,,?
,,2.6383304595947266,,,-4.648897171020508,,,,169.13192749023438,?
,,,,0.2884993255138397,,,,,,?
144.58935546875,,3.440424919128418,0.3377576768398285,,,,1.3001129627227783,,131.34259033203125,?
,,,,,,43.73805618286133,,,,g
,22.564302444458008,3.3074254989624023,0.4907780885696411,,,,,,,?
21.429460525512695,,,,,,,,,,?
,,,,,,,,5.365816116333008,,?
,,,0.34072041511535645,,,,,,,?
,,4.266695022583008,,,,,,,,?
,,,0.4611271023750305,,-4.284628391265869,,,,145.52499389648438,g
,,,0.31242167949676514,,11.651548385620117,,-0.024326354265213013,,123.49344635009766,h
,,,,0.0972103625535965,,,,,,?
,,,0.2606075704097748,,,,,,,?
,,,,,,,0.3748670220375061,,,?
30.07866668701172,,,,,,,,,,?
,,,0.4454054534435272,,,,,,,?
,24.633867263793945,,,0.1706821769475937,,,,,,?
,17.177440643310547,2.7594826221466064,,,,,,,,?
79.80886840820312,,3.1479291915893555,0.46189308166503906,,,,,,,?
,,,,,,,,,161.90394592285156,?
,20.391136169433594,,,,,23.78587532043457,,,,h
,,,,,,,,,,g
,,3.4246199131011963,0.39434170722961426,,,,,,135.32040405273438,?
,,,,,9.274810791015625,,,27.317066192626953,,?
31.58548355102539,,,0.5366207361221313,,,,,,,?
,,,0.39745986461639404,,,,,47.47383117675781,,g
,,,,,,,0.2800784707069397,,,?
,,,,,,,0.1327713429927826,,,g
229.9937286376953,,,,,-15.247970581054688,177.15093994140625,,,,?
,,,,,,,,,,g
,13.563048362731934,2.356590509414673,,,,,,,,?
167.92608642578125,,,0.1779303103685379,0.042552217841148376,,-0.1709575653076172,,,,?
47.51497268676758,,,,0.12355445325374603,,,,,,?
,,,,,,,0.11969482898712158,,,g
,,3.3693578243255615,,,-82.96310424804688,,,,,?
,,,,0.4061843752861023,,,0.7154145836830139,,,g
161.02511596679688,,,,0.1311526894569397,,,,,,?
,,,,,-12.689735412597656,176.96116638183594,,,,?
,,,,,,,,,,g
165.1320343017578,73.17117309570312,,,,,,0.8224276304244995,,,?
,,,,,,,,,,?
,11.002163887023926,,,,,,,,,?
94.59083557128906,,3.1231515407562256,,,,,,,,?
,,,,,,,0.12460766732692719,,161.55422973632812,?
,,,,0.30360493063926697,,,,,,?
,36.15763854980469,,,0.1376492977142334,,-17.522808074951172,,7.165925979614258,,?
,,2.633617877960205,,,,,,,,?
33.029964447021484,18.802412033081055,,,,,,,,169.2646026611328,?
,,,,,,,,,,g
,,,,,-19.92885971069336,,0.6542824506759644,,,?
,,,,0.2839773893356323,-8.029818534851074,158.54425048828125,,,,?
,,,,,,0.30150890350341797,,,,?
,,,,,,,,35.87158966064453,,?
23.02037811279297,,,,,,,0.07597249746322632,,,?
,,,,,13.078245162963867,,,,,?
,,,0.5798056125640869,,,,,,,?
,,,,,,,,,,?
,,,,0.0867907702922821,,,0.9033670425415039,,,?
,,2.774155378341675,,,,,0.11553710699081421,,174.25216674804688,?
,,2.7169301509857178,,,-3.217047929763794,,,45.025577545166016,,?
,12.78482723236084,,,,,,,,,?
,,,,,,,,,,?
,,,,,,,0.09328660368919373,,,?
141.19015502929688,,,,0.29331380128860474,,16.3422908782959,,,,h
51.317283630371094,,,,,,,-0.2318175733089447,23.623071670532227,,?
,,,,,-7.073775291442871,,,,,?
,,,,,-18.806865692138672,,,,210.20028686523438,h
,,2.781973361968994,,0.25833457708358765,5.2354865074157715,,,,,?
,,,,,,,,43.02488327026367,,?
,,,,,,,,,,?
,10.73425579071045,,,,,0.17841339111328125,,,,h
,,,,,,,,,,?
,,,,,0.03272438049316406,,,,,?
,,,,,,,,,,?
,,,,,,,,,168.31019592285156,?
,,3.900620460510254,0.2610284090042114,,,,,,,h
,85.15288543701172,,0.16269391775131226,,,,,,147.9863739013672,?
,,2.850508689880371,,,,,,47.38679885864258,,g
,,2.835815668106079,,,13.19781494140625,,,49.1421012878418,188.33006286621094,?
,,,,0.08472466468811035,,,,,,?
,,2.767029047012329,,,,12.405461311340332,,,,g
,,,,,,,,,255.42684936523438,?
,,2.8909823894500732,,,,14.90955924987793,,,,?
,,2.6102232933044434,,,,,,,,?
,,,,0.11139120906591415,-5.345045566558838,,,,,?
,,,,0.18777203559875488,,,,,,?
,,,,,,,,,,?
136.6796417236328,13.340468406677246,,,,,9.946199417114258,,,141.98550415039062,?
80.06245422363281,,,,0.1319500207901001,,,,,,g
,,,,,,,,,,g
,,,,,,,,,,?
,,3.747398853302002,0.2294933795928955,,,-66.45344543457031,,,,?
,,,,,,,,,173.3354949951172,?
,,,,,,,,,,?
83.53316497802734,58.41063690185547,,0.15630419552326202,0.041970208287239075,,,,,,?
118.16708374023438,,,,0.2103906273841858,20.444414138793945,,,41.40482711791992,,?
,,,,,,-10.303357124328613,,,,?
,25.06414031982422,,0.47830143570899963,,,11.861903190612793,,,,?
41.51012420654297,,,,,,,,,,?
,33.45886993408203,,,0.10955741256475449,,24.537574768066406,,,230.61279296875,?
,,,,,,,,,246.5943603515625,?
,,,,,-3.4190421104431152,,,,,?
31.68556022644043,,,,,,,,41.47309875488281,,?
,,2.4298062324523926,,0.45367181301116943,8.889047622680664,,,,,?
,,,,,30.015777587890625,,,,,?
,,,0.8095475435256958,,,10.400472640991211,,,,h
,,,,,,-4.510764122009277,,30.741897583007812,,?
,,,,,-5.850881099700928,,,,,?
,18.272293090820312,,,,13.444267272949219,,,37.542015075683594,175.1205596923828,?
31.090007781982422,,,0.6052548885345459,,,,,,,?
20.440353393554688,,2.2841849327087402,,,,,,,176.91513061523438,g
,,,,0.40435919165611267,,,,,,g
134.5670928955078,,,,,,0.9047565460205078,,,172.12722778320312,g
232.75189208984375,,,,,-11.034345626831055,175.68536376953125,,,,?
150.7578887939453,,,,,,10.395302772521973,,,,g
151.68128967285156,,,,0.17113357782363892,,24.816896438598633,,,,?
,,,,,,,2.276982069015503,,,h
,,,,,,,0.16416193544864655,,,?
,,,0.45163172483444214,,,0.48514556884765625,0.8615602254867554,,99.3254623413086,?
,,,,,3.9507040977478027,,1.1254862546920776,,,?
29.55575180053711,,,,,,,,,,g
,,,,,,,,,156.55093383789062,?
,,3.7686495780944824,0.20144671201705933,,,,,,134.6485137939453,?
,100.01494598388672,,,,,,,43.26610565185547,,?
,,2.6977639198303223,,,,,,,,?
59.135257720947266,,,,,,,,,175.9741973876953,?
,,,,,,,,,,?
80.77220153808594,,,,0.140168696641922,,,,37.639678955078125,,g
,,,,0.18262708187103271,,,,,,?
112.90629577636719,,2.935007095336914,,,,,0.003384828567504883,,,?
,11.455557823181152,,,,,,,,,?
,,,0.43414026498794556,,-5.125612735748291,,,47.68205261230469,,g
,,,,0.19148388504981995,,,0.24563857913017273,37.77519607543945,,?
,,3.5283281803131104,0.24740609526634216,0.048159897327423096,,,,,,?
,,3.7979564666748047,0.2570537328720093,,,,,,,?
,29.019855499267578,,,0.12141875922679901,,,,,,?
,58.591453552246094,2.7240045070648193,,,,,0.28186675906181335,,,?
,41.66252136230469,,,,,,0.22570550441741943,,173.6125946044922,?
,,,0.3140345811843872,,,,,,,?
,,,,,,,,,,?
,,,0.749874472618103,,,,,40.14177703857422,,?
,,,,,-14.564043045043945,,1.0531322956085205,,,h
,,,,,,,,51.796539306640625,,?
,,,0.45102459192276,,,,,,,g
,16.307340621948242,2.7854483127593994,,,,,,,,?
,21.444679260253906,,,,-14.224363327026367,149.2171630859375,,,,?
,,,0.1784089207649231,,,,,11.916290283203125,,?
,,,,0.43356651067733765,,-3.8758935928344727,,,123.98532104492188,?
,19.256868362426758,,,,,7.691927909851074,,,,?
71.41728210449219,,,0.1898772269487381,,,,,,115.70446014404297,?
,50.43827819824219,,,,,,-0.0034827589988708496,44.109989166259766,,?
,,,,,,,,,,?
