Administrative,Administrative_Duration,Informational,Informational_Duration,ProductRelated,ProductRelated_Duration,BounceRates,ExitRates,PageValues,SpecialDay,Month,OperatingSystems,Browser,Region,TrafficType,VisitorType,Weekend,Revenue
,,0.05639541149139404,-5.7639617919921875,,,,,,,?,2,?,1,?,Returning_Visitor,?,?
,,0.02210003137588501,3.7683868408203125,,,,,,,?,?,?,?,2,?,?,?
,,,,,,,,,,?,?,2,?,?,?,?,True
,75.89811706542969,,,,260.1220703125,,0.1297222077846527,0.8519482612609863,,?,?,2,?,?,Returning_Visitor,?,?
,,,,,,,,,,?,?,?,?,?,?,False,?
,,0.028045237064361572,,,,0.007969523780047894,,,,?,?,?,?,?,?,?,?
4.663936614990234,,,2.682889938354492,,1313.638916015625,,,,0.0028098896145820618,?,2,?,?,?,?,?,?
,,0.06006154417991638,,,,,,,,?,?,?,?,?,?,?,True
,,0.04798257350921631,,,,0.004679825156927109,,0.5131044387817383,,?,?,?,1,?,Returning_Visitor,?,?
,,,,,,,,,,?,2,?,?,?,?,?,?
,,0.03738957643508911,,,254.7935791015625,,,,,Nov,?,?,1,?,?,False,?
,,,54.769874572753906,,2489.93359375,,,,-0.002824157476425171,?,?,2,?,2,?,False,?
,,,,,468.64471435546875,0.0030041132122278214,0.033392347395420074,,,?,2,?,?,?,?,?,?
3.6758203506469727,,0.041278988122940063,,,,0.002205975353717804,,,,?,?,?,?,2,?,?,?
,,,,,550.1553344726562,,,,,?,?,?,?,?,Returning_Visitor,?,False
,,1.4034183025360107,,,,,,,,?,?,?,?,?,?,?,?
,112.50212097167969,,6.76432991027832,,,,,3.3100266456604004,,?,?,?,?,2,?,?,?
,,,,32.150169372558594,,,,,-0.0006154999136924744,?,?,1,?,?,?,?,True
,,0.0218503475189209,,,,,0.018352998420596123,,0.1384410858154297,Nov,?,?,?,?,?,False,?
,,,4.424129486083984,,,,,,-0.0013063624501228333,?,?,2,?,?,?,?,?
,,,,18.310062408447266,260.99310302734375,,0.10430547595024109,,0.2046530544757843,?,?,?,?,?,?,False,?
,,0.038057565689086914,1.0706672668457031,,271.19134521484375,,,,,?,?,?,?,?,?,?,False
,77.47657012939453,,,,,0.002608818933367729,0.019104016944766045,,,?,?,1,?,?,?,?,?
,,,,,,,,,0.12641701102256775,?,?,?,?,2,?,?,?
,,,,,,,,,0.2692527174949646,?,?,?,?,?,?,?,False
,,,,,,,,15.010236740112305,,?,3,11,?,?,?,False,False
,,,0.2882270812988281,,1200.4227294921875,0.03755944222211838,,,,?,?,?,?,?,?,?,?
,,,,,,,,,,?,?,?,?,3,?,?,?
-0.0966806411743164,,0.055377036333084106,,,,,,,,?,?,?,?,?,Returning_Visitor,?,?
0.15227818489074707,15.644691467285156,,,,,,,,,?,?,2,1,?,?,False,?
,,,,,282.69512939453125,,,,,?,?,?,?,?,?,?,?
,,,,14.014543533325195,260.90435791015625,-0.0015600323677062988,0.1022317111492157,,0.0007799752056598663,?,2,?,?,?,?,?,?
,,,,,,0.02015116438269615,,,,?,2,11,?,?,?,?,?
,,,,,,0.006459949538111687,,,,?,?,2,?,20,Returning_Visitor,?,?
8.654216766357422,,,,,,0.01270967535674572,,,,Nov,?,?,1,?,?,?,?
,,0.039857566356658936,-8.974613189697266,,,,,,,Nov,?,?,?,?,?,?,False
,,,,,280.0211181640625,,,-0.1330242156982422,-0.0011599995195865631,?,?,?,1,?,?,False,?
,,,,,,,0.0765257179737091,1.6040077209472656,6.116926670074463e-05,?,?,?,?,?,?,?,?
0.7736102342605591,26.933361053466797,,,,,0.0017022490501403809,,,,?,?,?,?,?,?,?,False
,,,123.26966857910156,,1451.6072998046875,,,,,?,?,?,?,?,?,?,False
0.005429983139038086,,,,18.738544464111328,,,0.20117183029651642,,,?,?,?,?,?,?,?,?
6.544912815093994,,,,,949.9652709960938,0.011569472961127758,,,0.002069026231765747,?,?,?,?,?,?,False,?
,,,,,487.554931640625,,,,,Mar,?,?,1,?,?,?,?
,,,2.6793670654296875,18.804929733276367,272.378662109375,,0.054666027426719666,,,?,?,?,?,?,?,?,?
0.04722714424133301,,,,,,,,,,Nov,?,?,1,?,?,?,?
0.09031200408935547,,,1.455169677734375,,,,,,,?,?,?,?,?,?,False,False
,,,,,403.94708251953125,0.0020046886056661606,,1.3624334335327148,,Mar,?,?,?,?,?,False,?
,,,,15.185274124145508,,,,,0.22311419248580933,?,?,?,?,?,?,?,False
,,,,,,,,,-0.00011672079563140869,?,?,?,?,?,?,?,?
,,,,,,,,,-0.003940649330615997,?,?,?,?,1,?,?,?
,,,,,,,0.03388899564743042,,,?,?,?,?,?,?,?,?
,3.0086822509765625,,1.0485725402832031,,,0.18979895114898682,,,,?,?,?,?,?,?,?,False
4.233398914337158,,,,,,0.0009398944675922394,0.011069148778915405,,,?,?,?,1,?,Returning_Visitor,?,?
,,,49.68990707397461,,,,,,,Nov,?,1,?,?,?,?,?
,,,,,,,,,,?,2,?,?,?,Returning_Visitor,?,?
,,,-2.889984130859375,,,0.002834104001522064,,28.507976531982422,,Nov,?,?,?,?,?,?,?
0.14026117324829102,,0.025991231203079224,2.7158260345458984,,410.007568359375,0.0038169585168361664,,0.11003684997558594,-0.005464226007461548,?,?,?,?,2,?,?,?
0.21120667457580566,83.40567779541016,,,,,,,,,?,?,?,?,2,Returning_Visitor,False,?
,,,,15.706886291503906,,,,,,?,?,?,?,2,?,False,?
,,,,,,,,37.44142532348633,,?,1,?,?,?,?,?,?
,73.04044342041016,,,,,,,,,?,?,?,?,2,Returning_Visitor,?,?
,,0.027720361948013306,,11.7667236328125,283.58868408203125,,,29.711105346679688,,Nov,1,?,?,?,?,?,False
7.897288799285889,,,,,,,,,,?,?,2,?,?,?,?,?
,74.26891326904297,,2.9746246337890625,,,0.001428002491593361,0.019219039008021355,,,?,?,?,?,2,?,?,False
,,,9.576391220092773,96.6963119506836,,,0.0621151477098465,,,?,?,?,?,?,?,?,?
,,,,,,,0.06756938993930817,,,?,2,?,?,?,Returning_Visitor,?,?
,,0.03953176736831665,,,,,,,0.0006895288825035095,?,2,?,?,?,?,?,?
,,0.02555212378501892,,,,,,3.3414368629455566,,?,?,?,1,2,?,?,?
,,,,,,,0.03326699137687683,,,?,?,?,1,?,Returning_Visitor,?,?
,,,,30.06713104248047,,-0.0007311403751373291,0.034386202692985535,,-0.001997806131839752,?,2,?,1,?,?,?,?
,,,,,,,,,0.2637123465538025,?,2,?,1,?,?,False,?
,,,,,,,,38.2415657043457,,?,?,?,1,?,?,False,False
,,,,,,,,1.112931728363037,0.2325289100408554,?,?,2,?,?,?,?,?
,,,,,955.944091796875,0.005861876532435417,,29.82013702392578,0.12042573094367981,Nov,?,?,1,2,?,?,False
,,,,,,,,,0.1823289692401886,?,?,1,1,?,?,?,False
,56.79831314086914,,,,1087.200439453125,,,,,?,?,?,1,?,?,?,?
6.152139663696289,,,,76.9230728149414,,,,,,?,3,2,?,?,?,?,?
,,,,,,,,,,Mar,?,?,?,?,?,?,?
,,,,67.26419830322266,,,,,,Nov,?,?,?,?,?,?,False
,,,,,,,,,0.31509125232696533,?,3,11,?,?,Returning_Visitor,?,?
,8.484817504882812,0.02584981918334961,,,277.30230712890625,0.08135771751403809,,,,?,2,?,1,?,?,?,?
0.4057164192199707,3.8154678344726562,0.03015652298927307,,,1862.239990234375,0.005186339840292931,,,,?,?,?,?,2,?,?,?
,12.4918212890625,,,,,,0.02040545828640461,,,?,2,?,?,?,?,?,?
,,,,,,0.003818972036242485,,3.2153162956237793,0.07973875850439072,Mar,?,?,1,?,?,?,?
,,,,,,,,,,Nov,2,?,?,2,Returning_Visitor,?,?
,,,,,,,,23.139148712158203,,Nov,?,?,1,?,Returning_Visitor,?,?
0.05796551704406738,,,,,,,0.019572481513023376,,-0.005894273519515991,?,?,?,?,2,?,?,?
,,,,,,,,,,?,?,?,?,3,?,?,?
,,,45.99906921386719,14.384441375732422,,,,,,?,?,?,?,?,Returning_Visitor,?,?
,,,,,2508.57861328125,,,,,?,?,?,1,2,?,?,?
0.030710697174072266,72.37258911132812,,,,,,0.03831937164068222,,,?,1,?,?,2,Returning_Visitor,False,?
,,,6.963752746582031,,,0.0069638583809137344,,,,?,?,?,?,?,?,?,?
3.367811679840088,,,,,,0.02055409736931324,,,0.00017021968960762024,?,?,?,?,?,?,?,?
,,0.0697929859161377,,29.729612350463867,,,,,-0.0011220760643482208,?,?,2,?,?,?,?,False
6.6501922607421875,,,,,,,,,-0.004561565816402435,?,?,?,?,2,?,?,?
,,,2.27264404296875,,,,0.024324439465999603,,,?,?,?,?,?,?,False,?
0.33507239818573,,,3.943880081176758,,,,,,,?,2,?,?,?,?,?,?
,4.370445251464844,,,,,,,,,?,?,?,?,?,?,?,?
,,,,96.33586883544922,,,,26.633487701416016,-0.0007330700755119324,?,?,2,?,?,?,?,?
6.5087890625,,,,,,0.006398439407348633,,,,?,?,?,1,?,?,False,?
-0.15537142753601074,,0.04707273840904236,,,259.19879150390625,0.025269052013754845,,0.36557435989379883,,?,?,?,1,?,Returning_Visitor,?,?
1.5142464637756348,,,57.55213928222656,,1922.1085205078125,,0.04943123459815979,,,?,?,?,1,2,?,False,True
,,,203.17251586914062,,,0.004383834078907967,,,,Nov,2,?,?,?,Returning_Visitor,?,?
,,,,,,,,,0.13673731684684753,May,?,?,?,?,?,False,False
,,,,,1788.980224609375,,,3.5624985694885254,,?,?,2,?,?,?,?,?
,,,,,1344.928955078125,0.007046776823699474,,,,?,3,2,?,?,?,?,?
,,3.765550374984741,,,,,0.0371670201420784,,,May,?,2,?,?,?,?,?
,68.22643280029297,,,5.181709289550781,,,,,0.0003676190972328186,?,?,?,?,?,Returning_Visitor,?,?
,217.735107421875,2.1502153873443604,,,,,,1.5600275993347168,,?,?,?,?,2,Returning_Visitor,?,?
1.1195651292800903,,0.05182081460952759,,39.68431854248047,,-0.001947592943906784,,,,?,2,?,?,?,Returning_Visitor,False,?
,,,,,,,,6.74553108215332,,?,2,?,?,?,Returning_Visitor,?,?
11.546895980834961,,,127.99734497070312,,,0.005221787840127945,,,,?,?,?,1,?,?,False,?
,,0.07019242644309998,,,,0.001323893666267395,,45.642303466796875,,?,?,?,?,?,Returning_Visitor,False,?
,,,,,,0.004202956333756447,,4.767683029174805,,?,2,?,?,?,?,False,?
,,,,26.19152069091797,,,,2.3465077877044678,,May,?,?,?,1,?,False,?
,,,,,,0.0014923382550477982,,4.96296501159668,,?,?,2,?,2,?,?,?
,,,-7.032325744628906,18.788036346435547,,-0.0023397449404001236,0.03249330073595047,,,?,2,2,?,?,Returning_Visitor,False,?
,,,,,,,,1.2596869468688965,,?,?,1,?,?,?,?,?
8.769622802734375,,3.6218745708465576,,,,0.0016327686607837677,,,-0.0007346309721469879,?,?,?,?,?,?,?,?
,,,-10.895271301269531,18.357425689697266,,,0.1367717981338501,,0.1271078884601593,Nov,?,?,?,?,?,?,False
,,,,14.364542007446289,270.2684326171875,,0.08454715460538864,,,?,?,2,?,?,?,?,?
,,0.03902006149291992,,,,0.0038459766656160355,,,,May,?,?,?,?,?,False,?
,98.88179016113281,,,,,,,,,?,?,2,?,?,?,?,False
,,,,14.70543098449707,289.19091796875,,,,,?,?,2,?,1,?,?,?
,,,,,,-9.666197001934052e-05,,,,?,?,2,?,?,?,?,?
0.15180444717407227,4.2831268310546875,,,,,0.02101956494152546,,,1.3735145330429077e-05,?,?,?,?,?,?,?,False
,,,,3.9982471466064453,,,,,0.21497604250907898,?,2,?,?,?,?,?,?
,,,,,,,,,,?,?,?,?,?,?,False,False
,,,,,,0.007139198482036591,,,,?,?,?,?,3,Returning_Visitor,?,False
,,,,,,,,5.681085586547852,,Nov,?,2,?,?,?,False,?
,15.776947021484375,0.047828614711761475,,41.229061126708984,,,,,,May,?,2,?,?,?,?,?
,,,,,,0.028211425989866257,,,0.1822967827320099,?,?,?,?,?,?,False,?
,,,,,,,0.005637377500534058,,,?,?,2,?,?,?,?,?
,229.77755737304688,,-3.0241165161132812,,,,0.022461198270320892,,,?,?,?,?,?,Returning_Visitor,False,False
0.08606958389282227,,,,,,0.008339348249137402,,,,?,?,2,?,?,?,?,?
,,,,,4008.9580078125,,,,,?,2,?,?,?,?,?,?
,,,,,,0.030371706932783127,,,,?,?,?,?,?,?,?,False
,,,47.31563949584961,,985.251708984375,,,,,?,?,?,?,?,New_Visitor,False,?
-0.10558342933654785,,,,,,,0.08372369408607483,,,Nov,?,?,?,?,Returning_Visitor,?,False
,,,149.10105895996094,18.764739990234375,,-0.00112149678170681,0.04103602468967438,0.791748046875,-0.002345658838748932,?,?,?,?,2,?,?,?
,,,,,,0.003475528210401535,0.007963914424180984,,,?,?,?,?,?,Returning_Visitor,?,?
,,0.05034920573234558,,19.00795555114746,272.28948974609375,,0.054123084992170334,,,?,?,?,?,?,?,?,?
0.08759498596191406,,,,,,0.0037638582289218903,,,0.0016515552997589111,?,?,?,?,?,Returning_Visitor,?,?
,,,,18.24169158935547,,,0.1943744719028473,,,Nov,?,?,?,?,?,?,False
,1.7364654541015625,,,6.225976943969727,,,,,,May,?,?,?,?,?,?,?
,,,,,,,0.14621269702911377,,,?,?,?,?,?,?,?,False
,78.72252655029297,,,25.550674438476562,,,,,,?,?,?,?,?,?,False,?
0.03303885459899902,,,1.4523696899414062,,289.3924560546875,,,,,?,?,?,?,?,?,False,?
,,,,,,,0.06479854136705399,,0.26155704259872437,?,?,?,?,?,Returning_Visitor,?,?
,,,-1.8543815612792969,3.9128551483154297,273.03570556640625,,,-0.019862651824951172,,?,2,?,?,?,?,?,?
0.20089435577392578,17.51866912841797,,,,,0.0030081067234277725,,,,May,2,?,?,?,?,?,?
,,,,,,,,,0.1111404150724411,Nov,?,2,?,?,?,?,False
,,0.06556969881057739,,,,,,,0.09660141915082932,May,?,?,?,?,?,?,?
10.369413375854492,,,76.09962463378906,,,,0.030610505491495132,,,Nov,?,?,?,?,?,False,?
,,,,,385.54107666015625,0.009869709610939026,,,,Nov,?,?,?,?,?,?,?
,,1.597090482711792,,,,,,,,?,?,?,?,?,Returning_Visitor,?,?
,,,,,,,,0.8738956451416016,,Dec,?,?,?,?,Returning_Visitor,?,?
,,,4.741384506225586,,,,0.0076238736510276794,,-0.00018034130334854126,?,?,?,?,?,?,?,?
,,,,,,,,,,?,2,?,?,?,?,?,?
-0.01903986930847168,,,,,,,,,,?,?,?,1,?,?,?,?
,3.3114395141601562,,,,,,,,,Nov,?,?,?,?,?,?,False
,,0.01921999454498291,,,,,,,,?,?,2,?,?,?,?,?
0.023402690887451172,,,,,,,,,,?,1,?,1,?,?,?,?
-0.10074234008789062,,,,19.651731491088867,,,,,,?,?,?,1,?,Returning_Visitor,?,?
,16.04049301147461,,,16.064645767211914,,,,,,?,2,?,?,2,?,False,?
,,,,,,,0.041658055037260056,,,Nov,?,?,1,2,?,False,False
,,,1.8143959045410156,,,,0.021579600870609283,,-0.005337260663509369,?,?,13,?,20,?,False,?
,3.6982192993164062,0.026837021112442017,,,,,,,,?,?,?,?,?,?,?,?
,,0.029258519411087036,,,,,0.20027662813663483,,,Nov,?,?,?,1,?,False,?
0.0161285400390625,,,,,,,,,-0.0009210407733917236,?,?,1,?,?,?,?,?
,,,,,,0.009614610113203526,,,0.0016863532364368439,?,2,?,?,?,?,?,?
0.5105339288711548,28.478923797607422,,,,,,,,,Nov,?,?,?,?,?,?,?
,,,,3.5704345703125,258.73968505859375,,,,,?,?,2,?,?,Returning_Visitor,?,?
,,,,,,,,0.7762260437011719,,?,?,?,1,1,Returning_Visitor,?,?
,,,,22.567764282226562,,,,,,May,?,?,?,?,?,?,?
,,,,,285.7843017578125,0.0014088600873947144,,,,?,1,?,1,?,?,?,?
,,,,28.203657150268555,,,,,0.12401052564382553,?,?,?,?,?,?,?,?
4.51479434967041,,,,,,,0.023287231102585793,,,?,2,?,?,?,?,?,?
,,0.04308915138244629,,,,0.0018819551914930344,,6.905000686645508,,?,?,?,?,?,?,False,?
,,,,,,,,,,?,?,?,?,?,?,?,?
,,0.08105158805847168,,,,,,,,?,?,?,1,?,Returning_Visitor,?,?
,,,,,,,,2.312074661254883,,May,?,2,?,?,?,False,?
,99.91481018066406,,,,,0.014879874885082245,,,,?,?,?,?,?,Returning_Visitor,?,?
,,0.0574323832988739,,,,,,1.6571049690246582,,Nov,?,?,?,?,Returning_Visitor,?,?
,,,,,,,0.20016200840473175,1.6548333168029785,,Nov,?,2,1,?,Returning_Visitor,?,?
,,0.027348637580871582,,,,,,,,?,?,?,?,?,?,False,?
0.06253695487976074,5.348991394042969,0.02731946110725403,,,,-0.0003212876617908478,,,,Nov,?,2,?,?,?,?,?
,,,,,,0.003824472427368164,,,,?,2,?,?,?,Returning_Visitor,?,?
,106.33848571777344,0.0279044508934021,,8.36640739440918,,,,1.545236587524414,,?,2,?,1,?,?,?,?
,,,,,,,0.057021547108888626,,,Nov,?,?,?,?,Returning_Visitor,?,?
,,0.025417178869247437,1.4961357116699219,,,,,,,?,?,?,?,?,?,?,False
-0.0023369789123535156,,,,,359.9251708984375,,0.1710090935230255,-0.2193002700805664,,?,?,?,?,?,?,?,?
0.1820228099822998,9.780860900878906,0.048629701137542725,,,,,,18.119054794311523,,?,?,?,?,1,?,?,?
,,,1.0534172058105469,15.69201374053955,,-0.003580057993531227,,,-0.00020673125982284546,?,?,?,?,?,?,?,False
,,,,,,,0.0284930057823658,,,Nov,?,2,?,1,?,?,?
,4.090965270996094,,,25.27070426940918,,,,,,?,?,?,?,?,?,?,?
,,,,,,,0.018071625381708145,,,Nov,?,?,1,2,?,?,False
3.0880322456359863,,,,,,,,,,?,?,?,?,?,?,?,?
,,,,,,,,0.5502400398254395,,?,?,?,1,?,?,?,?
,,,,,,,,,,Nov,?,?,?,?,?,?,False
,,,-12.639022827148438,33.22404861450195,,,0.07152989506721497,2.492933750152588,,May,?,?,?,?,?,?,?
,,,-5.0407562255859375,,1886.35888671875,,,4.113507270812988,,Nov,?,?,1,?,?,?,?
,,0.05434122681617737,0.33685302734375,,795.1289672851562,,,,,?,3,?,1,1,?,?,?
,,,,,,0.0032228417694568634,,,,?,?,?,1,?,Returning_Visitor,?,False
,3.8820419311523438,0.02631738781929016,,,282.5782470703125,,,-0.19990015029907227,,Nov,?,?,?,?,?,?,?
,,,,,,0.0014758966863155365,0.016234571114182472,,,?,?,?,?,?,Returning_Visitor,?,?
,150.7548828125,,,,,0.004111487418413162,,,,?,2,?,?,?,Returning_Visitor,False,?
,74.30006408691406,,,,,,,26.20016860961914,,?,?,2,?,?,?,False,False
1.1215531826019287,,,,44.446929931640625,,,,,,Mar,?,?,?,?,?,?,?
,,0.024053573608398438,,,,-0.0013793297111988068,,-0.1750493049621582,,?,?,?,?,2,?,?,?
,,1.4681885242462158,,,,,,,,Nov,2,?,?,?,?,?,?
,,,,,,,0.029312215745449066,,,?,?,?,1,2,?,?,?
3.030881643295288,,,,9.785947799682617,,,,,,?,?,?,?,?,?,?,?
,138.89443969726562,,,,,,,,,May,?,?,1,?,?,?,?
,,,3.1376590728759766,,,,0.039939433336257935,,,?,?,?,?,2,?,?,?
2.493002414703369,,,,61.05268096923828,,,,,,?,?,2,?,?,?,False,False
,,0.04945594072341919,3.702281951904297,,,,0.02288387529551983,7.7531938552856445,,?,2,?,1,?,?,?,?
,,0.06025180220603943,,,456.97265625,,,,-0.0009090974926948547,?,3,?,1,?,Returning_Visitor,False,?
,356.5676574707031,3.1849935054779053,,,,,0.016650471836328506,,,?,?,?,?,?,?,?,?
,,,4.1973419189453125,,,,,,,?,?,?,?,?,?,?,?
,,,,,410.07666015625,,,0.4094119071960449,,Dec,?,?,?,?,?,?,?
,,,238.42381286621094,,4075.06982421875,,,,,Nov,?,?,?,2,Returning_Visitor,?,?
,,0.03843581676483154,1.265899658203125,,,,,,,?,3,?,?,1,?,False,?
2.680386781692505,,,,,,,,,,?,2,?,?,?,?,?,?
,,,,,,,,20.23107147216797,0.13479933142662048,Nov,?,?,?,?,?,?,?
,,0.018466413021087646,,,,,0.014245159924030304,,,?,?,1,?,?,?,?,?
,,0.022208988666534424,,,618.3099975585938,,,,0.19061772525310516,?,?,?,?,?,?,?,?
,,4.857245922088623,,,6227.17919921875,,,,,Nov,?,?,?,?,?,False,?
0.027881622314453125,3.445404052734375,,,,,,,,0.14744865894317627,May,?,2,?,?,?,?,?
,,,,,,,,,,?,?,2,?,?,Returning_Visitor,False,False
,,,,,,,,5.235711574554443,0.0012448877096176147,?,?,?,?,?,Returning_Visitor,?,?
,,0.7816268801689148,,,,0.007791885174810886,,,,May,?,?,?,?,?,False,?
,,,,,574.3973999023438,,0.027728162705898285,,,?,?,2,?,2,?,?,?
,,,,,,,,,0.24500954151153564,?,?,2,1,?,Returning_Visitor,?,?
0.020508766174316406,75.0728759765625,,,,,0.0009243618696928024,,46.023136138916016,,?,?,2,?,?,Returning_Visitor,?,?
,10.317062377929688,0.026837527751922607,,,,,,2.860461473464966,,?,?,13,?,?,?,?,?
,141.42147827148438,1.377394676208496,,,,,0.030947264283895493,,,?,?,?,1,?,?,False,?
,,,,,791.2203369140625,0.003741033375263214,0.050806961953639984,,,?,?,?,?,?,?,?,?
,119.48518371582031,,,19.52596664428711,388.5604248046875,,0.08762136101722717,1.8293399810791016,,?,?,?,1,?,?,?,?
,,,-14.294090270996094,,,,,,,May,?,?,1,?,?,?,?
,4.005088806152344,0.028293222188949585,,,,,,,0.1281314194202423,Mar,?,?,?,?,?,False,?
,5.083992004394531,,,4.592321395874023,,,,,,?,?,?,?,?,?,?,?
,,,,,,,,,,Nov,?,?,?,?,?,?,False
,,0.022274911403656006,,,,0.0027373023331165314,,47.32838821411133,,?,?,?,?,?,?,?,False
,,,,18.010753631591797,,-0.0027168188244104385,0.07113823294639587,,-0.00033983588218688965,?,?,?,?,?,?,?,?
,,,48.00328063964844,,,,0.02053416334092617,,0.1257760226726532,Nov,?,?,?,2,?,False,?
,,0.03583240509033203,,13.917108535766602,,,,,,?,1,?,?,?,?,?,False
,,,,,,,0.021997280418872833,,,?,?,?,?,?,?,?,?
4.702662944793701,,,,,,,,,0.08339846134185791,May,?,?,?,?,?,?,?
,79.50507354736328,,,,,,,,,?,?,2,?,2,?,?,?
0.06541061401367188,,,,,,,,,,Nov,?,?,?,?,?,False,?
,,,,,1674.176025390625,,,,,Nov,3,?,1,?,?,?,?
,,,0.9957695007324219,33.292327880859375,,,,,,?,?,?,?,?,?,?,?
,,,,37.963653564453125,,,,,,?,?,?,?,?,?,?,?
,42.656455993652344,,-13.605339050292969,,249.53485107421875,,0.08953447639942169,0.30527687072753906,,Mar,3,2,1,?,?,?,?
0.9756146669387817,,,,,904.1640625,,,,,?,?,2,?,?,?,?,?
,,,,,,-0.0010053124278783798,,,,?,?,2,?,?,?,?,False
,,,,,,,0.01711713895201683,,,?,?,?,?,?,?,?,?
,,,,,,,,,,Nov,?,?,?,?,New_Visitor,?,True
5.433614730834961,,,,15.717997550964355,332.7872314453125,,,1.9539134502410889,-0.0006758235394954681,?,1,?,1,?,?,False,?
,,0.024566859006881714,,3.937694549560547,,,,,0.17205700278282166,?,?,?,?,3,?,?,?
,390.47015380859375,,,,,,0.023539960384368896,,,?,?,1,?,2,?,?,?
,,,,,,,0.01974054053425789,,-0.005010388791561127,?,?,?,?,2,?,?,?
,19.846485137939453,,,,990.8442993164062,,,,0.0008595176041126251,?,?,?,?,?,?,?,False
6.02030611038208,,,,86.08978271484375,,,0.04222264140844345,,,May,?,?,?,?,?,?,?
,,0.02978500723838806,,,,,,,,?,?,?,?,?,?,False,False
0.018767356872558594,,2.8951163291931152,,,,0.0015286393463611603,,,,?,?,?,?,?,?,?,?
,11.481185913085938,,0.3087120056152344,,669.98876953125,,,,,?,3,2,?,?,?,False,?
,,,,43.40460968017578,,-0.0038194265216588974,0.07096676528453827,,0.09976746886968613,Mar,?,?,?,?,?,?,?
1.6598458290100098,,,,,,,,,,?,?,?,?,?,?,?,?
,,,,,297.47369384765625,,,24.315689086914062,,?,2,2,1,?,?,?,False
,,,,,,,0.015882592648267746,,,?,2,2,1,?,?,?,?
,,,,,,,,,,May,?,?,?,?,?,?,?
,27.987422943115234,,180.74081420898438,,467.07672119140625,0.01342315785586834,,,,Nov,2,2,?,3,?,?,?
,,0.11337551474571228,,,,,,,-0.0026000887155532837,?,?,2,?,2,Returning_Visitor,False,?
,399.87872314453125,1.349492073059082,,44.1280632019043,,-0.0019673947244882584,,,,?,2,2,?,?,?,?,?
,,,-0.8522071838378906,,,,,,-0.001520998775959015,?,?,?,1,?,?,False,?
,,0.03646695613861084,,,,,,,,?,?,1,?,?,?,?,?
,301.0855712890625,,,,,,,,,?,1,?,?,2,?,?,?
,,,,,,,,,,?,?,?,?,?,?,?,?
,,,54.91511535644531,,662.8621826171875,,,,-0.004359185695648193,?,?,?,?,2,?,?,False
,,,,,,,,,0.3107907772064209,?,2,?,1,2,?,?,?
,,,,,,,,,,Nov,?,?,?,?,Returning_Visitor,False,?
,,,0.9077644348144531,,,,0.04166997969150543,,0.19769102334976196,?,2,2,?,?,?,?,?
,,2.2569074630737305,,15.021978378295898,342.78314208984375,,,,,?,?,2,?,2,Returning_Visitor,?,True
,,,,,,,,,,?,?,?,?,2,?,?,?
0.27388882637023926,32.74618911743164,,,,,,,4.195799827575684,,?,?,?,?,2,?,?,?
,,,,,,,0.019836606457829475,,-0.0005972832441329956,?,?,?,?,?,?,?,?
,,,,8.109872817993164,,,,43.30372619628906,,?,?,?,?,?,Returning_Visitor,?,?
0.11094355583190918,,,-11.82497787475586,,,0.10771744698286057,,,,May,?,?,?,3,?,?,?
,,,,33.525306701660156,,,,,,May,?,2,?,?,?,?,?
,,4.02372407913208,,,,,,,,Nov,?,?,?,?,?,?,False
,92.49937438964844,,,,,,,,,?,?,?,?,?,?,?,?
,61.51812744140625,0.055534690618515015,-5.045085906982422,,,,,,,?,?,?,?,?,Returning_Visitor,?,?
,,,1.3562393188476562,,,,0.05396005138754845,,,?,1,?,?,?,?,?,?
,,,,,,0.0028481781482696533,,,,?,2,?,?,?,?,False,?
,,,,,,,,,,?,?,?,?,?,?,?,?
,,,,,,0.00536368228495121,,,,?,?,1,?,?,?,False,?
,,0.02287706732749939,0.7366218566894531,,281.2757568359375,0.0012989994138479233,,,,?,3,?,?,?,?,?,False
,,,,,,,,2.9483282566070557,-3.777071833610535e-05,?,?,?,?,?,?,?,?
,,,,,3719.4423828125,,,3.549288749694824,,?,?,?,?,4,?,?,?
-0.004094123840332031,,,,,,,,,,?,1,?,?,?,?,False,?
,,,,,,0.0037082619965076447,,,,Nov,?,?,1,?,Returning_Visitor,?,?
0.1291515827178955,,0.024725496768951416,,,,,,,,?,?,2,?,11,?,?,?
,,,,,,,,-0.14484357833862305,,May,?,?,?,3,?,?,?
,,,,,255.2103271484375,,,0.45690441131591797,,?,1,?,?,20,Returning_Visitor,?,?
0.025264263153076172,,,-2.5424423217773438,4.241546630859375,,,,,,?,?,?,1,?,?,?,?
,,,-11.867347717285156,,290.22650146484375,,,,,May,?,?,?,?,?,?,False
-0.007708311080932617,,,,20.33858299255371,,,0.0665322095155716,46.0842399597168,,Nov,?,?,1,?,?,False,False
,,0.02794554829597473,,10.752298355102539,283.60076904296875,,,,-0.00018319860100746155,?,?,?,?,?,?,?,?
,,0.021703660488128662,,,,,,,,?,?,?,?,2,?,False,?
-0.03505563735961914,,,-11.95284652709961,,,,0.19959628582000732,,,Mar,?,2,1,?,?,?,?
,,,,,,,,,,?,?,?,?,?,?,?,?
,46.77750778198242,0.02179756760597229,,,,,,,,?,?,2,?,?,?,False,?
,,,,,,0.0034134499728679657,,,-9.066984057426453e-05,?,2,11,?,?,?,?,?
,100.74542236328125,,,13.813627243041992,264.07958984375,,,1.2634544372558594,,?,?,?,1,2,?,?,?
,,,,,1207.8797607421875,,,,,?,?,?,?,?,?,False,?
,,,,,,,,,,?,?,?,1,1,?,?,False
,,,,,,,,,0.16196054220199585,?,?,?,?,3,?,?,?
,114.83869934082031,,,,,,,,,?,1,?,?,2,?,?,?
-0.05047440528869629,16.85919952392578,,,,,,0.027204323559999466,3.1911966800689697,,Nov,?,?,?,?,?,?,?
6.48768424987793,,,,,,,,4.078544616699219,,?,?,?,1,?,?,?,?
,201.2264862060547,,,18.890457153320312,,-0.0010372120887041092,,,,?,?,?,?,2,?,?,?
,,,,2.137319564819336,,,,,,?,?,13,?,20,Returning_Visitor,?,?
,127.53716278076172,,,,,,,,-0.00533825159072876,?,?,?,?,2,?,?,?
,,,,,,0.0021736007183790207,,,,?,?,?,1,?,?,?,?
,,0.02308356761932373,,,,,0.012574298307299614,65.59442138671875,,?,1,?,1,2,?,?,False
,67.92301177978516,,,,,,,,,?,?,?,?,?,Returning_Visitor,?,?
0.15666747093200684,,,,,,,,,0.13717982172966003,May,?,?,?,3,?,?,?
,,0.02647504210472107,,,332.9056396484375,0.13857364654541016,,,,?,?,?,?,?,?,?,?
,,,,,,0.017531171441078186,,,,Nov,2,?,?,?,?,?,?
,,,,,,,,,-0.00012887269258499146,?,?,?,?,?,?,False,False
0.16130852699279785,8.39404296875,,,,1145.892333984375,,0.0466560497879982,53.113155364990234,,?,?,?,1,?,?,?,?
,1.6523895263671875,,,,,,,0.11624574661254883,-0.00481133908033371,?,?,?,?,1,?,False,?
3.2617335319519043,,,,21.335756301879883,,-0.0021302681416273117,,,,?,?,2,?,?,?,?,?
,76.15271759033203,,,17.603111267089844,255.45953369140625,,0.09002536535263062,46.682552337646484,0.2081754058599472,?,3,?,?,?,Returning_Visitor,?,False
,,0.046668291091918945,,,,,,,,Nov,2,?,1,?,?,?,True
0.16228699684143066,7.496574401855469,,-11.93008804321289,,,,,41.396053314208984,,Nov,?,?,1,2,?,?,?
-0.0061910152435302734,,0.017877548933029175,2.0862083435058594,,,,0.028585372492671013,,,?,?,?,?,?,?,?,?
,,,,,,,,,,Nov,?,?,?,2,Returning_Visitor,?,?
,,,,,,,,,,?,?,?,1,?,Returning_Visitor,?,?
,,,,,,,,,,Nov,2,?,?,?,Returning_Visitor,?,?
,10.539970397949219,,,,,,,,,?,?,?,?,?,?,?,False
6.54499626159668,,,,,,,,46.46349334716797,,?,?,?,?,?,Returning_Visitor,?,?
,,,,15.529657363891602,,,,,0.23411624133586884,?,?,?,?,?,?,False,?
,,,,,,,,,,May,?,?,1,2,?,?,?
,,0.025228291749954224,,,344.43682861328125,,,,,Nov,?,?,?,?,?,?,?
,,,11.966850280761719,,2586.8818359375,,0.03105991519987583,,,?,?,?,?,?,?,?,?
,,,,,,,0.19374318420886993,,,Nov,?,1,?,?,New_Visitor,?,?
0.11945652961730957,,,,9.25042724609375,269.47613525390625,0.00013272278010845184,,,,?,2,?,?,4,?,?,?
0.08051514625549316,,0.039523690938949585,,,742.1591796875,,,,,May,2,?,?,3,?,?,?
0.0716865062713623,3.1968612670898438,,,3.8199005126953125,,,,,,?,?,?,1,3,?,?,?
,,,,,,,,,,?,?,?,1,?,?,?,False
0.03131890296936035,,0.026624172925949097,,,,,,,,?,?,2,?,?,?,?,?
0.12266063690185547,,,-11.276569366455078,,,0.009403921663761139,,0.6685166358947754,,Mar,?,?,?,?,?,?,?
,,,,,758.1610107421875,0.004999712109565735,,,0.1232488602399826,?,1,?,?,?,?,?,?
,,,,,512.6893920898438,0.002215547487139702,0.06483522802591324,,0.11791491508483887,Mar,?,?,?,?,?,?,?
,,,-12.930870056152344,6.903657913208008,,,,,,Nov,?,1,?,3,?,False,False
,104.73188781738281,,220.01914978027344,,,,,,,?,?,1,?,?,?,?,?
,5.721534729003906,,,21.092910766601562,,-0.0027819648385047913,0.06847681105136871,,,?,?,?,?,4,?,False,?
,,0.023815244436264038,,,,,,,0.21846967935562134,?,2,11,?,?,?,?,?
,,,56.42945861816406,,1316.4571533203125,,,2.2595410346984863,0.0013808682560920715,?,?,?,?,?,?,?,?
,150.4576873779297,,,41.625,,,0.05242116376757622,,0.1271427571773529,?,?,?,?,2,?,?,True
,,,,,,,,,,Nov,2,?,1,?,?,?,?
,205.40960693359375,,,,617.6372680664062,,,,,?,2,?,?,?,?,?,?
,,,,,1276.8204345703125,0.006761297583580017,,2.6448142528533936,,?,?,?,?,?,Returning_Visitor,?,?
,,,,,,,,1.7199172973632812,,?,?,?,1,?,?,?,?
,144.28543090820312,,,,,0.002959582954645157,0.01648949459195137,,,?,2,?,?,?,?,False,?
,3.1923065185546875,0.026004254817962646,,,,,,,,?,?,?,?,?,?,?,?
,,,0.6226005554199219,,,0.19409170746803284,,-0.33855533599853516,0.1701512634754181,?,?,?,?,?,?,?,?
1.968139886856079,,,,,,,,,,?,?,?,?,?,?,?,?
,,,,14.91287612915039,,,0.0723680928349495,,,?,?,2,?,?,?,False,?
,,,,,,,,,,?,2,?,?,?,Returning_Visitor,?,?
,,,,,263.02545166015625,-0.0006063319742679596,0.07173159718513489,57.51007080078125,,?,?,?,1,?,Returning_Visitor,?,False
,,,,,,,0.04409053549170494,,,?,?,2,?,?,?,False,?
,,,,,,,0.19454975426197052,,,?,?,?,?,?,?,?,False
,,0.027736902236938477,,,,,,,-0.000317990779876709,?,?,?,?,?,?,?,?
,,0.039517611265182495,3.2242679595947266,,,0.0013795997947454453,0.019135409966111183,,,?,?,2,?,2,?,False,?
,,0.046868979930877686,,,,,,,0.09517005831003189,May,?,?,?,1,?,?,?
,,,,,,,0.026640117168426514,58.77170944213867,,?,?,?,?,?,?,False,?
,98.10916137695312,,1.9536781311035156,,651.3430786132812,,,,,?,?,?,?,1,?,?,False
,,,,,,,0.012382470071315765,,-0.0008975416421890259,?,1,?,1,?,?,?,?
,34.17852783203125,,0.86932373046875,14.097824096679688,,,,,-0.0011171996593475342,?,?,1,?,?,?,?,?
,,,0.4918212890625,,,,,42.58805847167969,,?,?,?,1,?,?,?,False
,,,,,,,,,0.07817606627941132,Nov,?,?,?,?,?,False,True
,,0.036740005016326904,,,,,,,,?,?,1,?,?,?,?,?
,,,,7.8171234130859375,,-0.0037750881165266037,,,,?,?,2,?,?,?,?,?
,,,,,,0.002479715272784233,,,,?,?,2,?,1,?,?,?
2.9929420948028564,,,,,,,,,,?,?,?,1,2,?,?,?
,,0.022405296564102173,3.152963638305664,,,,0.011637508869171143,,,?,?,?,?,?,?,?,False
,,,,,,0.004652867093682289,0.013421928510069847,,,?,2,2,?,?,?,?,?
,,,1.5772514343261719,40.62189483642578,,,,,-0.0027523264288902283,?,?,?,1,?,?,?,?
,,,,,,,,,,?,?,2,?,?,Returning_Visitor,?,?
,,,,,,,,,,?,?,?,1,?,?,False,?
,,,,,,,,,-0.000860113650560379,?,?,2,?,?,?,?,?
,78.23786926269531,,,13.212348937988281,,,0.06984404474496841,1.1409859657287598,,?,2,?,1,?,Returning_Visitor,?,?
-0.12445592880249023,,,,,,,,,,?,?,?,?,?,Returning_Visitor,?,?
,,2.0571203231811523,,,,,,,,May,?,?,?,?,Returning_Visitor,?,?
,,,,4.482887268066406,,,,0.5694727897644043,,?,?,?,?,?,Returning_Visitor,?,?
,,,2.5117664337158203,,,,,,-0.005042135715484619,?,?,2,?,1,?,?,?
,,,,,1506.6285400390625,,0.05285263434052467,,-0.0017582029104232788,?,?,?,1,?,?,?,?
1.4241158962249756,,,,21.672327041625977,,,,,,Nov,?,?,?,?,New_Visitor,?,?
,,,1.31011962890625,,303.1396484375,,,,,?,?,?,?,?,?,?,False
,72.31841278076172,,-13.707965850830078,7.072242736816406,273.9732666015625,0.0015309024602174759,,,,Nov,?,?,?,?,?,?,?
,,,17.476139068603516,,,,,,,?,?,?,?,2,?,?,?
,,,-8.718181610107422,,,,,,,Nov,?,?,?,?,?,?,?
,,,,,,,,,,Nov,?,?,?,?,?,?,?
-0.15566563606262207,,0.047790586948394775,,,,0.04555650055408478,,1.17962646484375,,?,?,?,1,?,Returning_Visitor,?,?
,,,,26.320892333984375,,,,,,?,?,?,?,?,?,?,?
,97.00333404541016,,112.27106475830078,,2178.3779296875,,,,,?,?,?,?,2,?,?,?
,277.70654296875,,87.12914276123047,100.18279266357422,,,0.057292308658361435,5.540792942047119,-0.005777344107627869,?,?,?,?,2,Returning_Visitor,?,?
,,,,,1604.834228515625,,,2.874661922454834,0.0010657384991645813,?,2,2,?,?,?,False,?
,,,,,491.04705810546875,0.0029183104634284973,,,0.1789439469575882,?,?,?,?,?,?,?,?
,,,,,,,,3.1892518997192383,-0.00024958327412605286,?,?,?,?,?,?,?,?
,,,,27.329097747802734,,,,1.102156639099121,,?,?,?,?,?,?,?,?
,,,,28.175994873046875,,,,,,?,?,?,1,?,?,?,?
3.464949131011963,,3.3621788024902344,,,,,,12.043384552001953,,Nov,2,?,?,?,?,?,?
0.28535032272338867,18.468719482421875,,5.05583381652832,,,0.0026217885315418243,,,,?,2,?,?,?,?,?,?
,,,,,,,0.0358794629573822,,0.19315312802791595,?,?,?,?,?,?,?,?
5.03173303604126,,,,,,,,,,?,?,2,?,?,Returning_Visitor,?,False
,,,,,,0.03274816274642944,,,0.21489259600639343,?,?,?,?,3,?,False,False
,,,,,272.2230224609375,0.13182300329208374,,,,Nov,?,?,?,?,?,False,?
2.9847891330718994,,,,13.425945281982422,,,,,0.0007650740444660187,?,?,?,?,?,New_Visitor,?,?
,,0.0406455397605896,,,,,,,,?,3,?,?,?,?,?,False
,8.067169189453125,,,12.193063735961914,249.208251953125,,0.09079760313034058,-0.5228328704833984,,?,?,?,?,?,?,?,?
6.083001613616943,,,-2.2990455627441406,,,,,,,?,?,2,1,?,Returning_Visitor,?,True
,,0.04714310169219971,,,,,,,0.0003543868660926819,?,?,1,?,?,?,False,?
,,0.07462993264198303,,,,0.0019234512001276016,,,,Nov,?,2,?,?,?,?,?
,7.107719421386719,,0.26808929443359375,,,,,19.11229705810547,,?,1,?,?,?,?,?,False
,5.231376647949219,,,,,,,0.9921875,,?,?,?,?,3,?,?,?
,,,,9.323722839355469,,,,0.27197694778442383,,May,?,?,?,3,?,?,?
,,,,,,,,,0.21213605999946594,?,?,?,?,?,?,?,?
,207.43026733398438,,,,,,,,,?,?,?,1,2,Returning_Visitor,?,?
,,,,,,,,,,?,2,?,?,?,?,?,?
,,0.057354509830474854,,,,,,,,?,?,2,?,?,?,?,?
,,,,,,,,0.933018684387207,,?,?,?,?,?,Returning_Visitor,?,?
,,,,,,,,,,?,?,2,?,?,?,?,?
,,,,,,,,2.3018674850463867,,?,?,?,?,2,?,?,?
,,,-12.792007446289062,7.596139907836914,,0.007171498611569405,,,,Mar,?,?,?,?,?,?,?
,215.83758544921875,,,,,0.006074581295251846,,,,?,2,?,?,?,?,?,?
,,,,,,,,,,?,?,?,?,?,?,?,False
,,,,,4966.2353515625,0.003340078517794609,,19.643056869506836,,?,?,2,?,?,?,False,False
,,,,46.70408630371094,,,,,-0.005016647279262543,?,?,?,?,2,?,?,True
,138.5469970703125,,,,,,,,,?,?,?,1,?,Returning_Visitor,?,?
,93.66732025146484,,,,,0.0243751872330904,,,,?,?,?,?,?,?,?,?
,169.43218994140625,,,,,,0.01855562813580036,,0.11259375512599945,Nov,?,?,1,2,?,?,?
,,,,26.811901092529297,,,,2.646423578262329,,?,1,?,?,?,Returning_Visitor,?,?
,159.3044891357422,,,,,0.0024273451417684555,0.015629244968295097,,,?,2,?,?,?,Returning_Visitor,?,?
,,,3.025348663330078,,,0.0038173850625753403,,6.7346954345703125,,?,2,?,1,?,?,?,?
0.0679023265838623,,,,,,,,,,Mar,?,?,?,?,?,?,?
,,,,29.826845169067383,,,,0.9945411682128906,,May,?,2,?,?,?,?,?
0.25117063522338867,,,,,,,,,,Nov,?,2,?,?,?,?,False
,,,,,509.35284423828125,,0.026377756148576736,,,?,?,2,?,?,?,?,False
,,,,,,,0.04734676331281662,,0.23805329203605652,?,?,?,1,2,?,False,?
,,,,,,,0.03515592962503433,,0.13670551776885986,Nov,?,?,?,1,?,False,?
,,,,,,,,,,?,?,?,?,4,?,?,?
,,0.024918407201766968,,,,,,,-0.007117010653018951,?,?,2,1,2,?,?,False
,,,,,348.80987548828125,,,,,?,?,?,?,?,?,?,?
,,0.035991519689559937,,,,,,,,?,?,?,?,?,?,False,?
,60.41341018676758,,,,1569.4322509765625,,0.04655076935887337,,,?,?,?,1,?,Returning_Visitor,?,?
,,,,,,0.01671369932591915,,30.049823760986328,,?,?,?,1,1,?,?,?
,,,,,,,,,0.0011221393942832947,?,?,?,?,?,New_Visitor,?,False
,,0.06160062551498413,1.5661468505859375,13.12942886352539,288.6937255859375,,,,,?,?,?,?,?,?,?,?
,,0.03270044922828674,,,,,,,,?,?,?,?,?,?,?,?
,,0.029861479997634888,,,2777.3603515625,,,30.254852294921875,0.25127846002578735,?,?,?,1,2,?,?,False
,,,,70.62252044677734,,,,,,?,3,?,?,2,?,?,False
,,,,2.7800331115722656,,0.1939089000225067,,,,?,?,?,1,?,?,False,?
0.061144351959228516,,,,,,0.0030051153153181076,,,,?,?,2,?,?,?,?,?
,,,64.87297821044922,,,,,3.181957960128784,-0.0007844939827919006,?,?,2,?,?,?,?,?
,5.8419189453125,,1.7990303039550781,,481.4180908203125,,,,0.17006106674671173,?,?,2,?,?,?,?,?
,2.3436737060546875,,,,,,,0.004745006561279297,,May,?,?,?,3,?,?,?
0.06973052024841309,,,-8.831172943115234,,,,,,0.08923935145139694,May,?,?,?,2,?,?,?
,,0.03652244806289673,,,776.7637939453125,,,,,?,?,2,?,?,?,?,?
,,,,35.395172119140625,,,,2.3160595893859863,,?,?,1,?,?,?,?,?
-0.023067951202392578,,0.0241529643535614,0.13113021850585938,,,0.0003388747572898865,,1.4491419792175293,,?,?,?,1,?,?,?,?
0.6366686820983887,,,123.37828826904297,,,,,,,?,?,?,?,?,?,?,?
,,,,,2682.217041015625,,,,0.0002036653459072113,?,?,2,?,?,?,?,?
,101.15300750732422,,,,,,0.0579342357814312,,,Nov,?,?,?,?,?,False,?
,,,,6.324808120727539,292.582763671875,,,,,?,?,?,?,?,?,?,False
,,,,,268.11163330078125,,0.08767497539520264,,,?,?,?,?,?,?,?,?
,,,,,,,0.019468966871500015,,,Nov,?,?,?,?,?,?,True
,,,-9.271343231201172,,,0.0008782371878623962,,,,May,?,?,?,2,?,?,True
,,,,,,0.0014379620552062988,0.012419039383530617,,,?,?,?,?,?,?,?,?
,,,,,362.32427978515625,,,,,Nov,?,?,?,?,?,?,?
,,,,,,,,,,?,?,2,?,?,?,False,False
,,0.03998836874961853,1.3610115051269531,7.257545471191406,,,,23.61534881591797,,?,?,?,?,3,?,?,False
0.06529045104980469,3.4353713989257812,,,,258.604736328125,,,,,?,?,2,?,1,?,?,?
0.06826424598693848,24.697330474853516,2.747610330581665,,37.71976852416992,,,,,,?,?,?,?,?,?,?,True
,71.87173461914062,,,,,,0.19289863109588623,,,Nov,?,?,?,?,Returning_Visitor,?,False
,145.26068115234375,0.02379918098449707,,31.00507164001465,,,0.05972331762313843,,,Nov,?,?,?,?,?,?,False
,,0.042900294065475464,2.1944656372070312,,,,,,,?,?,?,?,?,?,False,?
6.297234058380127,,,,,,,,,,?,?,2,?,?,?,?,?
,,,,,,,,,,?,?,?,?,?,?,?,?
0.03464317321777344,2.7923660278320312,,0.6297531127929688,,,0.009186445735394955,,,,?,?,?,?,?,?,?,?
,,0.05034726858139038,,,,,,,,?,2,?,?,?,Returning_Visitor,?,?
,,,,,,,0.02012322098016739,,,?,?,?,1,?,?,?,False
,,,,,,,,,,May,?,1,?,1,?,?,?
1.1323858499526978,,,,,,,,25.03399658203125,,?,?,2,1,?,?,?,False
,,,,,,,,2.7149252891540527,,?,?,?,?,2,?,?,?
,,,,,470.71234130859375,0.0034659262746572495,,21.694326400756836,,?,?,?,?,?,?,?,False
,,,,102.45614624023438,,,,,,?,?,?,?,?,?,?,?
0.021839618682861328,7.189064025878906,,,,,,0.04076142609119415,,,?,?,?,?,?,?,?,?
0.1757068634033203,,,,,,,,,,?,?,?,?,?,?,?,?
,,,,,,,,,,Nov,?,?,1,?,?,?,False
,,,0.486541748046875,,,,,,,?,?,?,?,?,?,?,?
,,,,,,0.011352650821208954,,,,?,?,?,?,?,?,?,False
,,,,22.093915939331055,549.4788818359375,,0.05227017030119896,,,?,?,?,?,?,?,False,?
,134.83277893066406,,,,1305.325439453125,,,,,?,?,?,?,?,?,?,?
,,,,,,0.18960711359977722,,,,?,?,2,?,?,Returning_Visitor,?,False
-0.12088203430175781,80.1249008178711,,,24.102886199951172,,,,,,?,2,?,?,?,Returning_Visitor,?,?
,,,,,,,,,,?,?,?,?,?,?,False,False
,,3.0299947261810303,,,,,,,,?,?,2,?,?,?,?,?
,,,,,,,,,0.12712572515010834,Mar,?,?,?,?,?,?,?
,,,186.7188720703125,,,,0.014350980520248413,,,?,?,?,?,2,?,?,?
,,0.052683860063552856,,14.109626770019531,,,,,,Dec,?,2,?,?,Returning_Visitor,?,?
,198.02597045898438,,,16.11838150024414,,,,,0.13934706151485443,?,?,?,1,?,Returning_Visitor,False,?
,,,,5.339937210083008,251.28619384765625,,,,,?,?,?,?,?,Returning_Visitor,?,?
,,,,4.5660552978515625,,0.007459188811480999,,,0.12126249819993973,Mar,?,2,?,?,?,?,?
,,,,10.44963264465332,445.7933349609375,0.000812264159321785,,,,?,3,?,?,2,?,?,?
,,,,,250.82452392578125,0.19686712324619293,,,,?,?,?,1,?,Returning_Visitor,False,?
,13.132255554199219,0.05837401747703552,,,,,,,,?,?,?,?,?,?,?,False
,211.70489501953125,3.1095550060272217,,,1408.595703125,,,,,?,?,?,?,?,?,?,False
,,,,,949.7545776367188,0.0022322889417409897,,,-0.0038133785128593445,?,?,?,?,2,Returning_Visitor,?,True
,43.63139724731445,,,,,,0.010878875851631165,68.17008209228516,,?,?,?,?,?,?,?,?
-0.13152742385864258,,0.05164468288421631,,,,,0.1053609848022461,,,?,?,?,?,?,Returning_Visitor,?,?
-0.12108922004699707,79.86784362792969,,,,369.31707763671875,0.006027963012456894,,,,?,2,11,?,?,Returning_Visitor,?,?
,,,,,,0.19737334549427032,,0.41451025009155273,,?,2,?,?,3,Returning_Visitor,?,?
,,,27.361249923706055,121.6618423461914,,,,4.191624641418457,,?,?,?,?,?,?,?,?
,,,-6.8321990966796875,38.7496337890625,,-0.002776874229311943,,,,?,?,2,1,?,Returning_Visitor,?,?
,,,,,,,,,,?,2,?,?,?,?,?,?
,,,,,,,,,,Nov,?,2,?,?,?,?,?
,4.333763122558594,,,,,,,,,?,?,1,?,?,?,?,?
,,,0.8327865600585938,,,,,,,?,?,?,?,?,?,?,?
,,,,,,,0.015085067600011826,,,?,?,?,?,?,?,?,?
-0.08847475051879883,,,,,,,0.060320090502500534,,,?,?,?,?,?,?,?,?
2.7226381301879883,,0.021689414978027344,,,,,,3.1698970794677734,-0.00025286152958869934,?,?,?,?,?,?,?,?
,,,,,631.253173828125,,0.031949128955602646,,,?,?,2,?,?,?,?,?
,,,,,259.6663818359375,,0.15589472651481628,,,?,?,?,?,?,?,False,?
,,0.03539499640464783,,6.050243377685547,,,,,0.000852879136800766,?,?,2,?,?,?,False,?
,3.2569656372070312,,,,302.1390380859375,,,21.55450439453125,,?,?,?,?,?,?,False,False
,,,,,,,,0.5320448875427246,,?,?,?,1,?,Returning_Visitor,?,?
,150.85040283203125,0.04677674174308777,,,,,,,,?,2,?,?,2,?,?,True
,,,,,,,,0.18447542190551758,,?,2,11,?,?,?,?,?
,,,,,,,,13.39710521697998,,May,?,?,?,?,?,False,?
,,,1.8295745849609375,11.20665168762207,300.2723388671875,,,,-0.005597546696662903,?,2,?,?,2,?,False,?
,,,2.4841041564941406,,,,0.06229744479060173,,-0.00048655271530151367,?,?,?,?,?,?,?,?
,,,,42.79124450683594,,,,,,?,?,?,?,?,Returning_Visitor,False,?
,,,,,,,,,,?,?,2,?,?,Returning_Visitor,?,?
,,,-6.6779937744140625,,1556.3095703125,,0.031244568526744843,,,?,?,?,1,?,Returning_Visitor,?,False
,,,-2.8255882263183594,16.364383697509766,,0.004821790382266045,,,,?,?,?,1,?,?,?,?
,3.7383193969726562,0.02785518765449524,4.895790100097656,,,,0.10245165973901749,,,?,?,?,?,3,?,?,?
,,,,,,0.005377590656280518,,,,?,?,?,?,?,Returning_Visitor,?,?
-0.10107755661010742,,,,,,,,,,Nov,?,?,?,?,Returning_Visitor,False,?
,,,383.4140625,43.34876251220703,,,,,,?,?,?,1,2,?,?,?
,,,,,,0.00571475550532341,,,,?,?,?,?,2,?,?,?
,,,,,,,0.020313914865255356,,0.06956381350755692,?,?,?,?,?,?,?,?
,,,,,,,,,,Dec,?,?,?,?,Returning_Visitor,?,?
,,,,,296.9273681640625,,,24.96636962890625,,?,?,?,1,?,?,?,False
,,,,,,,,,,?,?,?,?,2,?,?,?
0.5813498497009277,,,,,,,,,4.805624485015869e-06,?,?,?,?,?,?,?,?
,,,-0.6402854919433594,,,,,,,?,3,?,1,?,?,?,?
,,0.05754551291465759,,,,0.008397470228374004,,,,Nov,2,?,?,?,?,?,False
,362.14068603515625,,4.756446838378906,,,,,,,?,3,2,?,?,?,?,?
,,,,,,,,,,Nov,?,?,?,3,Returning_Visitor,?,?
,,0.07139110565185547,-1.1632080078125,,,,,,,?,?,?,?,?,Returning_Visitor,?,True
,,,,,,,0.025639932602643967,,0.11444925516843796,Nov,3,?,?,?,Returning_Visitor,?,True
4.893916130065918,,1.403055191040039,,,,,,,,?,?,?,?,?,?,?,?
,,,-11.016231536865234,,,,,1.4583401679992676,,Nov,?,?,?,?,?,?,?
,,,,,,,,,,Nov,?,?,1,?,Returning_Visitor,?,?
3.350900173187256,,,,22.17757797241211,,,,,,Nov,1,?,?,?,?,?,?
,6.7427215576171875,,,,1395.4754638671875,,,,,?,2,2,?,4,?,?,?
,109.3265151977539,,,,,,,,,?,?,?,?,?,?,?,True
,,,1.1289443969726562,,,,,,,?,?,?,?,?,?,?,False
,,0.044648945331573486,,,339.84259033203125,,,0.9718194007873535,,?,?,?,?,?,?,?,?
,,,2.909334182739258,,761.3802490234375,,,,0.0010350756347179413,?,?,?,?,?,?,?,False
,,0.028527766466140747,,,,,,,,?,?,2,?,?,?,?,False
,,0.038454264402389526,,,,,,,,?,?,?,?,?,?,False,?
0.08855128288269043,,,,13.884773254394531,,,,,0.0002817586064338684,?,?,?,?,?,?,?,?
,,,,6.786167144775391,302.4002685546875,,,,,?,?,?,?,3,?,?,?
,,,,,282.11700439453125,0.0038365107029676437,,,-0.004872135818004608,?,?,?,1,1,?,False,?
,4.058601379394531,,,,264.34197998046875,,,0.011228561401367188,,?,?,1,1,?,?,?,?
6.06093692779541,,,,,,,,,,?,?,?,?,?,?,False,?
,,0.04073774814605713,,,,,,4.562870502471924,,?,?,?,1,?,?,?,?
,,0.035238832235336304,,,,,,0.8409233093261719,0.38943761587142944,?,?,2,?,3,?,False,?
,,,,94.2477035522461,,,,,,?,?,?,1,?,?,?,?
,,,,,1235.449951171875,,0.046518340706825256,,0.13226503133773804,?,?,?,?,?,?,?,?
,,,,,,,,12.128385543823242,0.10642349720001221,Nov,2,?,?,?,?,?,False
,152.04566955566406,,47.146873474121094,,,,,,,?,?,2,?,?,?,?,True
-0.0047643184661865234,,,,,,0.00815430749207735,,,,?,?,?,1,?,?,?,?
,80.7520523071289,0.027786821126937866,,,543.1404418945312,,,,,Nov,2,?,?,?,?,?,False
,99.67428588867188,,,18.593090057373047,,-0.004249082878232002,,,,Mar,?,?,?,?,Returning_Visitor,?,?
,,,7.660467147827148,,,,,,,?,?,?,?,?,?,?,?
,457.1361999511719,,,91.57711029052734,,,,,,?,?,?,1,?,?,False,?
,,,,,,,,,,?,?,2,?,?,?,?,?
,,,2.1424713134765625,,,,0.06611873209476471,,,?,?,?,1,?,?,?,?
,,0.029175013303756714,,,,0.11671466380357742,,0.20885896682739258,,Mar,2,11,?,?,?,?,?
,,,,,,0.0046799276024103165,,,-0.00029909610748291016,?,?,?,?,?,?,?,?
,,,,2.408243179321289,263.24456787109375,,,,,?,?,?,?,?,?,?,?
,,,2.8804454803466797,,479.87384033203125,,,,,?,?,?,?,2,?,?,?
0.11184120178222656,,,15.800224304199219,,,0.001993069425225258,0.016315937042236328,,,?,?,?,?,2,?,?,False
,,,,,,,,,0.0005457103252410889,?,3,11,?,?,Returning_Visitor,False,True
,,,,,548.5407104492188,,,,,?,?,?,?,?,Returning_Visitor,?,False
,250.46844482421875,,,,,,,,,?,?,2,?,?,New_Visitor,False,?
-0.08866381645202637,,,,,,,,22.19355010986328,,?,?,?,?,?,Returning_Visitor,?,False
,,1.744063377380371,,36.18324661254883,,,,3.0262668132781982,,May,?,?,?,?,?,?,?
,,,,,982.0413818359375,,,,0.2920694649219513,?,?,?,?,?,?,?,False
,,,,54.21544647216797,,,,,-0.001916937530040741,?,3,?,?,2,Returning_Visitor,?,False
,,,,,,0.00694089662283659,,,,?,?,?,?,?,?,False,?
,,,223.01339721679688,,,,,,,?,2,?,?,?,?,?,?
0.04371786117553711,,,3.3746719360351562,,,,,1.576901912689209,,?,2,?,?,?,?,?,?
,,,178.89437866210938,,,,,,,?,2,?,?,?,?,?,?
,,0.10019460320472717,,43.72862243652344,,-0.002570563927292824,0.037188634276390076,,,?,?,2,?,?,?,?,?
2.6583328247070312,,,,,,,,,,?,?,?,?,?,New_Visitor,?,?
,1.4162063598632812,,,,,,,,,May,?,?,?,?,?,?,?
,2.847320556640625,,,,,,,0.5722332000732422,,May,?,?,?,?,?,?,?
0.07670092582702637,,,,,291.3955078125,,,,,?,?,2,?,?,?,?,?
,,,,,,,,,,?,?,?,1,?,?,?,False
,,0.035038501024246216,,5.552095413208008,,,,,,?,2,?,?,?,?,?,?
,,,,,,,,,-0.0025604069232940674,?,2,?,?,1,?,?,?
,6.225578308105469,0.029008328914642334,,,351.72607421875,0.016224591061472893,,,,?,?,2,1,?,?,?,?
,,0.04048988223075867,,6.985528945922852,,,,22.62509536743164,-0.005152672529220581,?,?,?,1,1,?,False,?
,,,,,,,,,,?,?,?,?,?,?,False,?
9.652727127075195,,0.08147180080413818,11.166263580322266,,,,,,,?,?,?,?,2,?,?,?
,,,-0.41082763671875,,,,,,,?,1,?,1,?,?,?,False
,,0.03335684537887573,,,451.94439697265625,,0.07217870652675629,0.6097846031188965,-0.0019764304161071777,?,?,?,1,?,?,?,?
,,,,,,,,,,Nov,?,?,?,?,?,?,?
,,,,,,,,,,?,?,?,1,?,?,False,?
,1.5943984985351562,0.036315858364105225,,,589.5514526367188,,,,,?,?,?,1,?,?,False,?
,,2.7982609272003174,,,,,,,,?,?,?,?,?,Returning_Visitor,?,?
,,,,12.123407363891602,326.08917236328125,-9.654834866523743e-05,,,,Nov,2,?,?,?,?,?,?
2.1367127895355225,,0.046104639768600464,0.6077957153320312,14.873397827148438,,,,0.38952016830444336,,?,?,?,?,?,?,False,?
,213.4200439453125,,,,,,,,0.26992034912109375,?,?,?,?,?,?,?,False
,246.27374267578125,,,,,,,,-0.006955206394195557,?,?,2,?,1,?,?,?
,,,,75.69036102294922,,,0.0430695042014122,,,?,?,?,?,?,?,?,?
,,,,,,0.028350504115223885,,,,?,?,?,?,?,Returning_Visitor,?,?
7.081291675567627,,,3.7638912200927734,,,0.008149180561304092,,,,?,?,?,?,?,?,?,?
,5.183891296386719,0.02592390775680542,,,,,,46.40773391723633,,?,?,?,1,2,?,False,?
,,,,,699.6185302734375,0.0020416509360074997,0.026488399133086205,,,?,?,?,?,2,Returning_Visitor,?,?
,,,,,,,,,,?,?,?,?,?,?,?,False
,,,,,,,,,,?,?,?,?,?,?,?,?
,,,,14.091270446777344,,,,0.31409549713134766,,?,?,2,?,?,?,?,?
,,,,,,,,,,?,1,?,?,?,?,?,?
,165.6361846923828,0.0572485625743866,,,,,,,0.002532538026571274,?,?,?,?,?,Returning_Visitor,False,?
,,0.0208817720413208,-9.375164031982422,,1143.863525390625,,,,0.09351688623428345,May,?,?,?,2,?,False,True
,,,,10.333446502685547,,,,,,?,?,2,?,3,Returning_Visitor,?,?
,,,,,,0.005541633814573288,,15.022045135498047,0.000838305801153183,?,2,?,?,2,?,?,False
,,,,7.316692352294922,,,,,,?,?,?,1,?,?,?,False
,,,,,,,,6.998178958892822,,?,?,?,?,?,?,?,?
-0.013096809387207031,,0.054108113050460815,,13.377706527709961,,0.0015422757714986801,,,,Dec,?,2,?,?,Returning_Visitor,?,?
,1.8663177490234375,,,,268.3533935546875,,,,,?,?,?,?,?,?,?,False
8.99090576171875,,,157.6604461669922,,,,,4.6501336097717285,,?,?,?,?,?,?,False,?
,,,,12.265035629272461,,,,,,?,?,?,?,?,New_Visitor,?,False
9.124160766601562,,,,,,,,6.281455039978027,,?,?,?,?,2,?,?,?
3.147730827331543,,,-3.5769004821777344,,,,,,,?,?,?,?,3,Returning_Visitor,?,?
,,,,,,,,,,?,?,?,?,2,?,?,?
,,,,55.085670471191406,,,,,0.10656771063804626,May,?,?,1,2,?,False,?
,,,,,,,,,,?,?,?,1,?,Returning_Visitor,?,?
,174.4737091064453,,,287.97802734375,,,,,,?,?,?,1,?,?,?,?
,,0.026031017303466797,,4.446311950683594,,,,,,May,?,?,?,1,?,?,?
,68.4950942993164,,,,244.99468994140625,,,,,?,?,?,?,?,Returning_Visitor,?,False
0.09590315818786621,,,,,657.1988525390625,,,,,?,2,?,1,2,?,?,?
0.04729342460632324,,,,,,,,,,Nov,?,?,?,?,?,?,?
0.0077321529388427734,,,,,,0.009216352365911007,,0.5807738304138184,,Mar,?,2,?,?,?,?,?
,,,,,,,0.03327188268303871,,,?,?,?,?,2,?,False,False
,42.54685592651367,,,,,,,,,?,1,?,?,?,?,?,?
,37.90558624267578,,,,,,,,,May,1,?,?,?,?,?,?
,,,,,,,,,,Nov,2,?,?,?,?,?,?
2.452105760574341,,,7.265100479125977,71.36267852783203,,,,,,?,?,?,1,?,?,?,?
,,,,,,,,,0.15920975804328918,Nov,?,2,?,?,?,?,?
,,,,,,0.0018006805330514908,0.01338873989880085,,,?,?,?,?,?,?,?,?
,17.340496063232422,0.046389102935791016,,,,,,,-0.004147857427597046,?,2,?,?,1,?,?,?
,,,,,1364.29052734375,,,,0.001339048147201538,?,?,?,?,?,?,False,?
-0.09061145782470703,,,,,,,,,,?,?,?,?,?,Other,?,?
,141.51589965820312,0.08400630950927734,,325.54742431640625,,,0.06008399650454521,,,Nov,?,2,?,?,?,?,True
,,0.02790778875350952,,,,,,,,?,?,2,?,?,?,?,?
,194.5205078125,1.707542896270752,,,,,,,,?,?,?,1,?,?,?,?
,,,,,,,,,,?,?,?,1,?,?,?,?
,,,-9.268619537353516,,,0.04684226214885712,,0.48181724548339844,,?,?,?,1,?,Returning_Visitor,?,?
,,,,,3893.5791015625,,0.05020114406943321,58.229061126708984,,?,?,?,?,?,?,?,False
1.0697251558303833,,1.953491449356079,,,,,,,,?,?,?,1,?,?,?,?
,,,,,,,,,,?,?,?,?,?,?,?,?
,,,,11.437250137329102,,,,,,?,2,?,?,?,?,?,?
0.009146451950073242,,,,,,,,,,?,3,2,?,3,?,?,?
,,1.2637808322906494,,,,,0.01668524742126465,68.32107543945312,,?,?,?,?,?,?,?,?
,,,,,,,,8.60854721069336,,?,?,?,1,2,?,?,?
,5.5237579345703125,,,,,0.011134443804621696,,,,?,?,1,?,?,?,False,?
,,,1.8597068786621094,,1064.464111328125,0.0043585821986198425,0.05622182786464691,,,?,1,?,?,2,?,?,?
,,2.754072904586792,,,,,,5.8714447021484375,0.17301279306411743,?,?,?,?,?,?,False,?
,,,,,,0.006604142487049103,,,,Nov,?,?,?,?,New_Visitor,?,False
,,,,6.127361297607422,,,,,,May,1,?,1,?,?,?,?
,,,,18.29914093017578,247.7625732421875,,0.09325429797172546,,,?,1,?,?,?,Returning_Visitor,?,?
,,,,,,,,,,?,?,?,?,?,?,?,?
,,0.14309105277061462,,,,0.002457195892930031,0.009050406515598297,,,?,2,?,?,2,Returning_Visitor,?,?
,,,,,,,,,,?,?,?,?,?,Returning_Visitor,?,?
,,,,,1383.463134765625,,,,,?,?,?,?,?,?,?,False
,34.49635314941406,,0.20819473266601562,12.71554183959961,249.22802734375,,,-0.5705022811889648,,?,?,?,?,?,?,?,?
0.03199481964111328,,,,,,,,24.545143127441406,,?,?,?,1,?,?,False,False
,,0.04201743006706238,,,,,0.01726817712187767,,,?,?,2,1,?,?,?,False
,,,,,,,,,0.0022042132914066315,?,?,?,?,?,Returning_Visitor,?,?
,,,,46.6122932434082,,,,,,?,?,?,?,?,?,?,?
,,,,,,,,,,?,?,?,?,4,?,False,?
,,,,,,,0.007566079497337341,,,?,?,?,1,?,?,?,False
,,,,,,,,,,?,?,?,1,1,?,?,?
,,,54.95470428466797,,,,0.012646174058318138,64.45989227294922,,?,?,?,?,?,Returning_Visitor,?,False
,,,,15.848489761352539,,,,,-0.0008294917643070221,?,?,?,1,?,?,False,?
,,,,,,,,,-0.006190508604049683,?,?,?,1,2,?,?,?
,,,,66.59420013427734,,,,,,?,?,?,?,?,?,?,?
,,,,,,,,,,?,?,?,?,?,?,?,?
,,,,65.14568328857422,,,,,,?,?,?,1,2,?,?,?
,,,129.80596923828125,,,0.007077505812048912,,0.947354793548584,,May,?,?,?,?,?,?,?
,,,0.5044898986816406,,,0.19404561817646027,,-0.35377931594848633,,?,?,?,?,?,?,?,?
,,,,,,0.0033086128532886505,,,,?,?,2,1,?,?,?,?
0.16620182991027832,16.06978988647461,,,,,,,,,?,?,?,1,?,?,?,True
-0.023117542266845703,68.13961029052734,0.04648500680923462,,,,,,,,?,?,?,1,?,Returning_Visitor,?,?
,,,,,,,0.012233112007379532,,,?,?,13,9,?,Other,?,?
4.952796936035156,,,,,,,,3.062285900115967,,?,?,?,?,?,?,?,?
,,,,17.460128784179688,,,0.12673984467983246,,,?,?,?,?,?,Returning_Visitor,?,?
,,,,,,0.0021215323358774185,0.008451201021671295,,,Aug,1,?,1,?,?,?,?
,,,,,,,0.04192470759153366,48.2261962890625,,?,1,?,1,?,?,?,False
5.757534980773926,,,,,971.4507446289062,,,,0.10320109128952026,?,2,?,?,?,?,?,?
,69.88851165771484,,4.141643524169922,,,,,28.24578857421875,,?,?,?,?,1,?,?,False
,,,,,,,0.023379892110824585,,,?,?,?,?,2,?,?,?
,71.44813537597656,,-7.157169342041016,,259.60467529296875,0.00523616187274456,,,0.0006240084767341614,?,?,?,?,?,Returning_Visitor,False,False
0.03447866439819336,10.597114562988281,,,,,,,,,?,?,2,?,?,?,?,?
,4.209968566894531,,,,346.45013427734375,,,,,May,?,2,?,3,?,?,?
,16.50835418701172,,,,,,0.03066149167716503,,,?,?,2,?,?,?,?,?
,358.0472412109375,0.1571686863899231,,,,,,,,Nov,1,?,?,?,?,False,False
,,2.8673815727233887,,,4326.78466796875,0.003513624891638756,,,,?,?,?,?,?,?,?,False
,,,,,,,,4.341733455657959,,?,?,?,1,?,?,False,?
,,,,,,,0.02816513180732727,,,?,?,?,?,?,?,?,False
,,,,,,,0.03599170222878456,,0.11255644261837006,May,3,?,?,?,?,?,?
-0.0706019401550293,,,-20.258594512939453,5.085222244262695,,,,0.7210860252380371,,Nov,?,?,?,3,Returning_Visitor,?,?
,173.966064453125,,,,,,,,-0.000171024352312088,?,?,?,?,?,?,False,?
,,0.049415141344070435,2.8567733764648438,,,,,,,?,?,?,?,?,?,?,False
,97.78536987304688,0.025594502687454224,,19.418148040771484,,,,,,?,?,?,1,?,?,False,?
,,,,,,,,1.7289972305297852,,?,?,?,?,?,?,?,?
1.7656702995300293,,,,,,,0.05743223801255226,53.854820251464844,,?,?,?,?,?,New_Visitor,?,False
,,,,,,,,,,?,?,2,?,?,New_Visitor,?,?
,,,0.27373504638671875,,,,,,,?,?,2,1,2,?,?,?
,,,,,,,,,,May,3,11,?,?,Returning_Visitor,?,?
,,,,,,,,,,?,?,2,?,?,?,False,?
,160.4405517578125,,,,,,,,,?,?,?,?,?,?,?,True
,34.46961975097656,,,,,0.0024029985070228577,,2.2684555053710938,,Mar,?,?,1,?,?,?,?
,6.328010559082031,,,6.430850982666016,245.6845703125,,,,,May,2,?,?,?,?,?,?
,205.1315460205078,,1.2735977172851562,,,,,4.051486015319824,,?,2,?,?,?,?,?,?
,,,,,,,,,-0.005287550389766693,?,2,?,?,2,?,?,?
,,,,,,,,,,?,?,?,?,?,?,?,?
,,0.03901374340057373,,,,,0.00846048817038536,,,?,?,2,?,?,?,?,?
3.0023584365844727,,,,,,0.0025026313960552216,,4.39186954498291,,?,?,?,1,?,?,?,?
,,,,3.6939849853515625,272.5550537109375,0.061990078538656235,,-0.2988090515136719,-0.004367843270301819,?,?,?,?,1,?,False,?
0.2577528953552246,3.095001220703125,0.027393490076065063,1.7353324890136719,,,,,,,?,?,?,?,?,?,False,?
,2.952362060546875,0.033317744731903076,0.6079444885253906,,,,,-0.17768383026123047,,?,?,2,?,?,?,?,?
4.930081367492676,,0.04110896587371826,,28.59327507019043,,,0.03595944494009018,,,Nov,2,2,?,?,?,?,?
,178.2521514892578,0.03552517294883728,,41.76405334472656,,,,4.352969646453857,,?,?,2,1,?,?,?,?
,,,2.6043434143066406,,,,,,0.26780641078948975,?,?,?,1,?,?,?,?
,,,,,277.1053466796875,,,-0.5073080062866211,,?,?,?,?,?,?,?,?
,,,,81.2943344116211,,,,,-0.0025293976068496704,?,?,?,?,2,?,?,False
,,,,,743.93017578125,,,1.382904052734375,,?,?,?,?,?,?,?,?
,,,,,,,,5.178761959075928,0.1486596167087555,Nov,?,?,1,?,Returning_Visitor,?,?
,83.0635986328125,0.051037758588790894,,38.055641174316406,,,0.06831973046064377,,,?,3,?,?,?,Returning_Visitor,?,?
4.972977638244629,,,,29.228450775146484,,,,,,?,?,?,?,2,?,False,?
,,,2.494882583618164,,,,,17.388805389404297,,?,?,?,?,?,?,?,False
,68.17694854736328,,,,,,,0.2828240394592285,,?,?,?,?,2,Returning_Visitor,?,?
,,0.05520516633987427,,,,,,,0.001255076378583908,?,2,?,?,?,New_Visitor,?,?
,,,,18.207504272460938,,,0.17101602256298065,0.21332931518554688,,?,?,?,?,2,?,?,?
,,,,,,,,,,?,?,?,?,2,?,?,?
,,,,20.462787628173828,,,0.03039207123219967,,,?,?,?,?,?,New_Visitor,?,?
,,,,,,,,,,?,?,?,?,?,?,False,?
,,,-4.38623046875,,,,,2.8569912910461426,,?,?,2,?,?,Returning_Visitor,?,?
,73.71903991699219,,,,,,,,,?,?,?,?,?,?,?,?
,,,,,,,,,,?,3,?,?,13,?,?,?
,,,,,,0.0010614432394504547,,,,?,?,?,?,2,?,False,False
,,,-4.227275848388672,,,,,,,?,?,?,?,3,Returning_Visitor,?,False
,88.97967529296875,,,42.3955192565918,,,,3.614136219024658,,?,?,?,?,3,?,?,?
1.2917885780334473,,,,,,,0.012149285525083542,,,?,?,?,?,2,Returning_Visitor,?,?
,,,,,,,0.015011807903647423,,,?,?,?,?,?,?,?,?
,54.56560134887695,,,,,0.004285015165805817,,2.6379194259643555,,Mar,?,?,?,?,?,False,?
,,3.3157551288604736,,,,,,20.85232162475586,,?,?,?,?,?,?,False,?
,,,68.2120590209961,,,,,,,?,?,?,?,?,?,?,False
,,0.03027823567390442,-12.470218658447266,,,,,,,May,?,2,?,?,?,?,False
,,,,,,,,27.533145904541016,,?,?,?,?,2,?,?,?
,,0.0408267080783844,,,,,,,,May,?,?,1,?,?,?,False
,,,,,,,,0.6599345207214355,,?,3,?,1,1,?,?,?
,,,,,,,,,,?,?,?,?,3,?,?,?
,,,,,,,,,0.12035605311393738,Dec,?,?,1,?,Returning_Visitor,?,?
,8.763214111328125,,,,,,,2.130678176879883,,?,2,?,?,1,?,?,?
,,,,35.147369384765625,,,0.03261551633477211,55.3637809753418,0.08339572697877884,May,2,?,?,?,?,?,False
,,0.02393120527267456,,,,,,,,?,?,?,?,?,?,?,?
,,,,,2765.969482421875,,,,,?,?,?,?,?,?,?,?
,,,,,341.03631591796875,,,,-0.0008068643510341644,?,?,?,?,?,?,?,?
0.0444948673248291,4.190299987792969,,,,,,,,,?,?,?,1,?,?,?,?
,,,,,276.46673583984375,,0.08420385420322418,,,?,?,?,?,?,?,False,False
,,,,3.5869293212890625,,,,,0.18384847044944763,?,?,2,?,?,?,?,?
,,,,,,,,,,May,?,?,?,2,Returning_Visitor,?,?
,,0.07220584154129028,,,,,,,,?,?,?,?,?,New_Visitor,?,?
,,1.664240837097168,,,,,,,,?,?,2,?,?,?,?,False
,,,,,,0.005661064758896828,,21.275634765625,,Nov,?,1,1,?,?,?,False
,,,,,,,0.07617241144180298,,,?,?,1,?,?,?,?,False
,,0.04699715971946716,,34.0562629699707,,,,,,Nov,?,?,1,?,New_Visitor,?,False
,,,,,,,,,,?,2,?,?,?,?,?,?
-0.034976959228515625,74.61680603027344,,,,,,,,0.18220724165439606,?,?,?,1,2,Returning_Visitor,?,?
,,0.05119934678077698,,,,,,,,?,?,?,1,?,?,?,?
,,,,,635.4102172851562,,0.029133282601833344,,,?,?,1,?,?,?,?,False
,77.72418212890625,0.048888564109802246,,23.1614990234375,,,,,,?,?,?,1,?,Returning_Visitor,?,?
2.484058380126953,,,,281.5476379394531,,,,,,?,?,?,?,?,?,False,?
0.06530904769897461,,0.02844056487083435,0.49465179443359375,,,0.0839780867099762,,,,?,?,?,?,?,?,?,False
,201.7831268310547,0.06774875521659851,,,1250.7506103515625,,,,-0.005128808319568634,?,?,?,?,2,?,?,?
,,0.03681221604347229,,,,,0.009866077452898026,,,?,?,?,?,?,?,?,?
,,0.03428769111633301,,6.337650299072266,256.6925048828125,,,,,?,?,?,?,?,?,?,?
0.0993657112121582,,,,,,,,1.9784266948699951,,?,?,?,?,?,?,?,?
,,,,,,,,,-0.00518498569726944,?,?,?,?,3,Returning_Visitor,?,False
,127.55532836914062,,4.155973434448242,,,,0.06301520019769669,,,?,?,?,?,?,?,?,?
,,,,,,,0.01800324022769928,,0.1788947433233261,?,?,?,?,4,?,False,?
,,0.05121105909347534,,,,,,,,Nov,?,?,?,?,?,?,?
,,0.028418123722076416,,,,0.01287043746560812,,,,May,?,?,?,3,?,False,?
,,,,109.20415496826172,,0.0006094202399253845,,,0.08665928244590759,Nov,?,?,?,?,?,?,?
,,,,,661.83740234375,0.005416376516222954,,,,?,?,?,1,?,?,?,?
3.0166633129119873,,,,,2625.97998046875,,0.04117773845791817,,,?,?,?,?,?,?,?,?
,,,,39.78649139404297,,,,,,?,?,?,?,?,Returning_Visitor,?,?
,,,,,,,,,,?,?,?,?,?,?,?,?
,,0.05708819627761841,,7.892999649047852,,,,,,?,?,?,?,?,?,False,?
,63.97417449951172,0.05791637301445007,,,,,0.041549257934093475,,,?,?,?,?,?,Returning_Visitor,?,False
3.789999008178711,,0.05510011315345764,0.5746955871582031,7.08323860168457,,,,,,?,?,?,?,?,?,?,?
,,0.02231776714324951,,,,,,,,?,2,2,?,?,?,?,?
0.08177971839904785,11.190475463867188,,,,,,,,,?,?,?,?,?,?,?,?
,,,,,,,,,,?,?,?,?,?,?,False,False
7.763911724090576,,3.470524787902832,,,,,,30.073955535888672,,?,?,?,?,?,Returning_Visitor,?,?
,,,,33.44390869140625,,,,,,Nov,?,?,?,?,Returning_Visitor,?,?
,,,,,,,,,,?,?,?,?,?,?,?,False
0.15407562255859375,,,,12.264253616333008,,0.015976078808307648,,,,?,?,?,1,?,?,?,?
0.10616087913513184,2.9016952514648438,,,3.842294692993164,,0.0061087217181921005,,-0.23549842834472656,,?,?,?,?,2,?,?,?
0.0476837158203125,96.5122299194336,,,,553.9480590820312,,,1.1664490699768066,,?,?,1,?,?,Returning_Visitor,?,?
,,,,,,0.00797951128333807,,,,?,?,1,?,?,Returning_Visitor,?,?
,,,,,369.3382568359375,0.011258164420723915,,,,Dec,?,?,?,?,?,?,?
,,,,,,,,,,?,2,?,?,?,?,False,?
,,,,,,,,,,?,?,?,?,?,?,?,?
,4.477874755859375,,,8.06229019165039,,,,,,May,?,?,?,2,?,?,?
,,0.034435003995895386,,,,,0.06207038462162018,,,?,?,?,1,?,?,?,?
0.06128740310668945,7.505615234375,,,,,,0.07327539473772049,,,?,?,?,?,?,?,?,?
,,,,39.373077392578125,,,0.12589721381664276,,,?,?,?,1,3,?,?,?
,,,,,739.92431640625,,,,,?,?,?,?,?,?,?,?
,,,1.9480209350585938,,,,0.03850879520177841,,,?,?,?,?,?,?,?,?
,,,,,667.5897216796875,,,9.78612232208252,,?,?,?,?,?,?,?,?
,71.07850646972656,,,,,,,,0.09245327115058899,Nov,?,?,?,?,Returning_Visitor,?,?
,,,8.765727996826172,,,,0.03212675452232361,,,?,2,?,1,?,?,False,?
0.27680516242980957,20.121898651123047,,,,,,,,,?,2,?,?,?,?,?,True
,,,,,,0.1955847591161728,,,,Dec,?,?,9,?,?,?,?
,11.043197631835938,,,,,,,,,?,?,?,?,?,?,?,False
,,0.04598233103752136,,,,1.2891367077827454e-05,0.032041244208812714,0.7959880828857422,,May,?,?,?,?,Returning_Visitor,?,?
,,,,,,,,,0.0016085170209407806,?,2,?,?,?,?,?,?
,,,,,,0.009792733937501907,,,,?,1,?,?,?,?,?,False
,,2.13167405128479,,,1235.4832763671875,0.003720426931977272,,30.310943603515625,,Nov,?,1,1,?,Returning_Visitor,?,?
3.178126335144043,,,,,,,,,,?,?,?,?,?,?,?,False
,,,,,,,,,,?,?,?,?,2,?,False,?
,,0.029182255268096924,,,,,,,0.12285543233156204,Nov,?,?,1,?,?,False,?
,3.5477828979492188,,,,,0.19755053520202637,,,,?,?,?,1,?,?,?,?
,,,-16.844924926757812,,,,0.04076635465025902,,,Nov,?,?,?,?,Returning_Visitor,?,?
,,0.030137985944747925,,,,,,,,?,?,?,?,?,?,?,?
,,0.041044771671295166,,,,,,,,Nov,?,?,1,?,?,?,?
,125.39942932128906,,3.877666473388672,,,,,,,May,?,?,?,1,?,?,?
,,,,,,0.005367731675505638,,,,?,?,?,?,?,?,?,?
,168.0579376220703,,2.3039684295654297,,,,,,,?,?,?,?,2,?,?,?
,,,,,,,,,,?,?,?,?,?,?,False,False
0.09056949615478516,,0.06676039099693298,-20.001548767089844,,,,,,,May,?,?,?,?,Returning_Visitor,?,?
-0.028555631637573242,17.736713409423828,,,,,0.0005369279533624649,,,,?,?,2,?,?,?,?,True
,,,-2.992584228515625,,,,,,-0.003684617578983307,?,?,?,?,2,Returning_Visitor,?,?
,,0.028089046478271484,,,,,0.19930537045001984,,0.16103601455688477,?,?,?,?,4,?,?,?
,,0.035006552934646606,,,,0.0010228324681520462,0.018079573288559914,,,?,1,?,?,?,?,?,?
,,,-0.185791015625,,,,0.01931646093726158,1.1140923500061035,,?,?,2,1,?,?,?,?
5.085566520690918,,,,,,0.01107705943286419,,,,Dec,2,?,?,?,Returning_Visitor,?,?
,,,-4.693172454833984,41.86256408691406,,,0.0644526332616806,3.8587188720703125,,?,?,?,?,?,Returning_Visitor,?,?
0.047632455825805664,,0.039613693952560425,1.3133926391601562,,,,,,,?,?,?,?,?,?,?,False
0.219041109085083,,,2.0749168395996094,,767.5319213867188,,0.04695770516991615,52.11161422729492,,?,?,?,?,2,?,?,?
0.18567204475402832,,0.03309839963912964,1.5825576782226562,,,,,,,?,?,?,?,?,?,?,False
,,,2.938261032104492,,,,0.07340794801712036,,0.0011772960424423218,?,3,?,?,?,?,?,?
,,,,,,,,,,?,?,1,1,?,?,?,False
,,,,,,,,0.2327108383178711,,?,?,2,?,?,?,?,?
,,,,,,,,,,?,?,2,?,?,?,?,?
,,0.048157691955566406,-5.627220153808594,,,,0.018051454797387123,63.616886138916016,0.1394348293542862,?,?,1,?,?,Returning_Visitor,False,False
,,,,,,,,,,?,?,?,?,?,?,?,?
,,,,,,,,,,?,?,?,?,?,Returning_Visitor,?,False
,,,,35.730525970458984,,,,,,?,?,?,?,?,?,?,?
,,,,,,,,,,?,3,?,?,?,?,?,?
,,,,,,,,20.03386688232422,0.0929061621427536,Nov,?,?,?,?,?,?,?
,,,,,,,0.03944164514541626,,,?,2,?,?,?,?,False,?
,,,,13.863117218017578,268.0543212890625,,0.10475072264671326,,,?,?,2,?,2,?,?,?
,,,5.497888565063477,,,,,30.26317596435547,,?,?,?,?,?,?,?,False
,,0.019080698490142822,,,,,,-0.3115096092224121,,?,?,?,?,?,?,?,?
,,,-11.686580657958984,,,,,18.734420776367188,,Nov,3,?,?,3,?,?,False
,,,,13.574836730957031,263.754150390625,-0.0007861368358135223,0.10170190036296844,,-0.0058125779032707214,?,?,?,1,2,?,?,?
,,,,,326.01690673828125,0.008009199984371662,,,0.0008444078266620636,?,?,?,?,?,?,False,?
,8.148345947265625,,,,,,,,-0.0002781488001346588,?,?,1,?,?,?,?,?
-0.13360929489135742,71.21693420410156,,,6.764242172241211,,,,,,?,?,?,?,?,Returning_Visitor,?,?
,33.84913635253906,1.3632876873016357,,,,,,24.570087432861328,,?,?,?,?,?,?,?,?
0.3901129961013794,,,,,1506.320068359375,,,,0.16996842622756958,May,?,?,?,?,?,?,?
,,,,13.74891471862793,,-0.0035792961716651917,,,,?,?,?,1,?,?,?,?
2.572761297225952,,0.023302793502807617,,,,,,,,Dec,?,?,?,?,?,?,?
,,0.029101043939590454,,,1220.666259765625,0.005504181608557701,,,,?,?,?,?,?,?,False,?
,,,,,,,,,0.0001315101981163025,?,?,?,?,?,?,False,?
0.1690523624420166,,,1.8423690795898438,,,,,,,?,?,?,?,?,?,?,False
0.08672118186950684,,,1.5378227233886719,,,0.0005705468356609344,,1.2256083488464355,,?,?,?,?,?,?,?,?
,,,,,387.6900634765625,0.0884803980588913,,,0.0005745477974414825,?,1,?,?,?,?,?,?
,,,,,,,,,,Nov,?,?,?,?,?,?,?
,,,,,,,,,,?,?,?,?,?,Returning_Visitor,?,?
,,,16.506437301635742,,,,0.010668199509382248,,,?,?,?,?,?,?,?,?
,,,1.3021240234375,,297.845703125,,,,,?,?,?,?,20,?,?,?
,,0.02643609046936035,,,,0.1015470027923584,,,0.21636469662189484,?,?,?,1,?,?,?,?
,,,,,,,,-0.18216896057128906,,?,?,?,?,?,?,False,?
,,,-12.064159393310547,,,,,,,May,?,?,?,1,?,False,?
,,0.03421050310134888,,,,,0.013815028592944145,,,?,?,?,?,2,?,?,?
,3.466705322265625,,,,,,0.20131683349609375,0.020502090454101562,,?,?,?,?,?,?,?,?
,109.34095764160156,0.046511828899383545,,,,,,,-0.0009402409195899963,?,?,2,?,?,?,?,False
,,,,,,,,,,?,?,?,?,?,Returning_Visitor,?,?
,,,,,,0.0020604580640792847,,,,?,?,?,?,2,?,?,?
0.02608466148376465,,,,6.313079833984375,,,,,,?,?,?,1,?,?,?,?
,8.023536682128906,,,18.729097366333008,,-0.001324981451034546,0.06540914624929428,,-0.0008638463914394379,?,?,2,?,?,?,?,?
,,,,21.764835357666016,,-0.0011193770915269852,,,,?,?,?,?,?,?,?,?
,,,,,,0.004432514309883118,,4.706644535064697,,?,?,?,?,2,?,?,?
,,0.028056204319000244,,,280.50274658203125,,,,,?,?,?,?,?,?,?,?
,,,,,,,,0.5485067367553711,,?,?,?,1,?,Returning_Visitor,False,?
,,,,,1498.555908203125,,,,0.002145085483789444,?,2,?,?,?,?,?,?
,1.7595901489257812,0.03566479682922363,,,,,,,,?,?,?,?,1,?,?,?
,,,,,,,,14.152262687683105,,?,?,?,?,2,?,?,False
,,,50.69816207885742,22.670085906982422,,,0.03475108742713928,,0.16450174152851105,?,?,1,1,?,?,False,?
,69.21443176269531,0.0524289608001709,-21.732940673828125,,,,,,,May,?,?,?,?,Returning_Visitor,?,?
4.409955024719238,,,,,,,,,,?,?,?,?,?,?,False,?
-0.12345671653747559,,,,,,,,,,?,?,?,?,?,Returning_Visitor,?,?
,16.016155242919922,0.027412772178649902,,,,,,,,?,2,?,?,?,?,False,?
0.04532766342163086,,,,,,,0.03410258889198303,,,?,1,?,?,?,?,?,?
,,,,,450.6654052734375,0.004275154322385788,0.04079348221421242,,-0.003979921340942383,?,?,?,?,2,?,?,?
,,,0.7406768798828125,,,,,,,?,?,1,?,3,?,?,False
,,0.07798770070075989,,102.13822174072266,,,,2.7828140258789062,-0.00029888376593589783,?,?,?,?,?,?,?,?
,,,,,,,,,-0.0029425248503684998,?,?,?,1,?,?,?,?
,,0.02477318048477173,,,,,,,,?,?,?,?,?,?,False,?
,,,,,806.98876953125,,,,,?,1,?,?,?,?,?,?
,,,2.207162857055664,,,,,,,?,?,?,1,?,?,?,?
,,0.03127479553222656,,,,,,,0.00016980618238449097,?,?,?,?,?,?,?,False
,,,-8.052810668945312,3.1563282012939453,,,,34.360652923583984,,?,?,?,?,5,Returning_Visitor,?,False
1.4138613939285278,,,-10.639602661132812,,,,0.021222729235887527,,,Nov,?,?,?,?,?,?,?
,,,1.6922683715820312,,,,,,,?,?,?,?,1,?,?,?
3.535468816757202,,,,,,,0.013154441490769386,,,Nov,?,2,?,2,Returning_Visitor,?,?
,,,,10.344114303588867,286.36962890625,,,32.42640686035156,,?,?,2,1,?,Returning_Visitor,?,False
,,1.3978317975997925,,,,0.004819789901375771,,,,?,?,?,?,?,?,?,False
,431.6070251464844,3.4633758068084717,,,,,0.018981290981173515,,-0.002608746290206909,?,?,?,1,?,Returning_Visitor,?,?
,,,,3.9723949432373047,,0.19414010643959045,,-0.46988964080810547,,?,?,?,?,?,?,?,?
,,0.042896568775177,,13.365474700927734,,,,,,?,3,2,?,?,?,?,?
,100.15908813476562,,,,,,,,0.10274693369865417,Mar,?,2,?,?,?,?,?
,,0.027284353971481323,,,,,,-0.09238052368164062,,?,?,2,1,?,?,False,?
,,0.04189601540565491,,,,0.0031018685549497604,,,,?,?,?,1,?,?,?,?
,81.85944366455078,,103.29637145996094,12.992176055908203,351.8939208984375,,,1.3821816444396973,,?,?,?,1,?,?,?,?
0.15220975875854492,6.124839782714844,,,16.861854553222656,,,,,,?,?,2,?,?,?,?,False
,,0.029345184564590454,,5.381645202636719,,,,,,?,?,2,?,?,?,?,False
4.97990608215332,,1.4955661296844482,,21.351852416992188,,,0.03714923560619354,,,?,3,?,?,?,New_Visitor,?,False
,2.7163314819335938,,1.2333831787109375,,,,,,,?,?,?,?,?,?,?,?
,,0.06469303369522095,,,,,,,0.15135595202445984,Nov,3,?,?,?,Returning_Visitor,False,False
,,0.030978381633758545,,,342.8162841796875,,0.13246846199035645,,,Nov,?,?,?,?,?,False,?
,,,,20.42027473449707,,,,17.572431564331055,0.0005386099219322205,?,?,?,?,?,?,?,False
,,,,,,,,,-0.0011542439460754395,?,?,2,?,?,?,?,?
,4.818885803222656,,,,,,,,,Nov,?,?,1,?,?,?,?
,,0.02546757459640503,,,,,,1.4169731140136719,,?,?,?,?,?,?,?,?
,,,,,,,0.19857175648212433,,,?,3,2,?,?,?,?,?
,,,,,,,,,,?,?,?,1,?,?,?,?
,381.0880126953125,,,,,,0.018166594207286835,52.126365661621094,,?,?,1,?,2,?,?,?
4.352607727050781,,,,33.43877410888672,,,,,,?,?,?,?,?,Returning_Visitor,?,?
1.4625816345214844,,,,13.24112319946289,,,,,-0.0019346699118614197,?,?,?,1,?,New_Visitor,?,False
,,,,,,,,,0.17675179243087769,?,?,2,?,?,?,False,?
,,0.03389942646026611,2.030363082885742,,,,0.13194993138313293,43.59287643432617,,?,?,?,1,?,?,False,False
0.07288384437561035,,0.02375006675720215,,3.8154163360595703,,,,,,?,2,?,?,3,?,?,?
5.333096981048584,,,,19.499786376953125,683.8139038085938,,,,,?,?,?,?,?,?,?,True
2.5053179264068604,,,-0.05274200439453125,,,,,,,?,?,?,1,?,?,?,?
,67.94349670410156,,,13.03857421875,,-0.0002135802060365677,,,,?,?,?,?,?,Returning_Visitor,?,?
,,,,38.02568435668945,,,,4.079457759857178,,May,3,?,?,2,Returning_Visitor,?,?
0.22002530097961426,,,,,,,,,,?,2,?,?,4,?,False,?
,74.44595336914062,,,,,,,,,Nov,?,?,?,?,Returning_Visitor,?,?
0.013369321823120117,,,,67.85884857177734,,,,,,?,?,?,?,2,?,?,?
,,,,,,,0.012655163183808327,6.1245951652526855,,?,?,?,1,?,Returning_Visitor,False,?
,,,,33.9798698425293,,,0.07716132700443268,,,Nov,?,?,?,?,Returning_Visitor,?,?
,,,-11.486984252929688,,,,,,,Nov,2,?,?,?,?,False,?
,134.25885009765625,,,,565.9491577148438,,0.05485280603170395,,-0.00020062923431396484,?,2,?,1,?,?,False,?
,,,,13.690628051757812,252.0166015625,,0.05024643987417221,,,?,3,2,?,?,New_Visitor,?,?
,8.317863464355469,,,,,0.001955673098564148,0.0278414785861969,,-0.0006259717047214508,?,?,1,?,?,?,?,?
,,,,,,,,,,?,8,?,?,?,?,False,?
,,,,11.588579177856445,,,,,,May,?,?,?,?,?,False,?
,,,,,,,0.007472630590200424,,,?,?,?,?,?,?,?,True
0.07693362236022949,21.485458374023438,,,,,0.002333618700504303,,2.431826591491699,,Nov,?,?,1,?,?,False,?
,,,,,,,,,,Nov,?,?,?,1,?,?,?
2.8274078369140625,,,,,4390.73828125,,,,,?,?,?,1,?,Returning_Visitor,False,?
,,,,,,,,,,?,?,2,1,?,?,?,?
,,,,,,,,,,?,?,?,?,?,?,?,False
,,,,,666.1658935546875,0.00903492234647274,,,,?,?,?,?,2,?,?,?
,,,,,,,0.06413038074970245,,,?,?,?,?,?,?,?,False
2.707108497619629,,,,,,,,,,?,?,?,?,?,?,?,?
,,,-6.361061096191406,,,,,1.623415470123291,,?,?,?,?,?,Returning_Visitor,?,?
,,,,5.914575576782227,,,,,0.11224031448364258,Nov,?,2,?,?,?,?,False
,48.75468826293945,,,,,0.0018605757504701614,,,,Nov,?,?,?,?,?,False,?
,,,,,,,,,,?,2,?,?,4,?,?,?
,,,,,,,,,,?,2,?,?,2,?,?,?
,,,,,,,,,0.001020871102809906,?,?,?,?,?,?,?,?
,,0.055852532386779785,,,,,,,,?,?,?,?,?,Returning_Visitor,False,?
,303.58697509765625,,41.523040771484375,,,,,,,Nov,?,?,?,?,Returning_Visitor,?,?
,,,2.5226287841796875,,1172.90966796875,,,,,?,2,?,?,2,?,False,?
-0.03271842002868652,,,-14.92708969116211,,,,,,0.15262465178966522,Nov,3,?,1,?,?,?,?
3.5431551933288574,,,0.8470230102539062,11.38814926147461,,,,,,?,?,2,?,2,?,?,?
,,,,,,,,23.319190979003906,,?,?,?,?,?,Returning_Visitor,False,?
,,,,,,,,0.4496421813964844,-0.004530012607574463,?,?,?,?,1,?,?,?
,,,,,245.470947265625,,,,0.0008805133402347565,?,3,11,?,?,Returning_Visitor,False,?
,,,,,,,,,,?,?,?,?,2,?,?,?
,,,,,,0.19708310067653656,,,,?,?,?,?,?,?,?,?
,,,,87.01407623291016,,,,,,?,?,?,?,2,?,?,True
4.015336513519287,,,,,,,0.030059484764933586,,,?,?,2,1,?,?,?,False
,,,-11.104324340820312,,1881.451416015625,,,,,May,2,?,?,2,?,?,?
,,0.061388611793518066,,,,,,,0.08962380141019821,Nov,1,?,?,?,?,?,?
1.6256041526794434,,,,,,,,,,Nov,?,?,?,?,?,?,?
3.256319522857666,,,,,,,0.012376761063933372,62.18703842163086,,?,2,?,?,?,Returning_Visitor,?,False
,,,,10.139860153198242,313.539794921875,-0.0014539975672960281,,,,?,?,?,?,?,New_Visitor,False,True
,,,,12.646501541137695,307.48822021484375,-0.002019191160798073,,,0.09289759397506714,Nov,?,2,?,?,?,?,False
,,,15.598772048950195,,,,,,,?,?,?,?,1,?,?,?
,342.2767028808594,,123.98143005371094,,,,,,0.16783761978149414,Nov,?,?,?,1,?,?,False
,,,,20.65131187438965,,,,,,?,?,2,?,?,?,?,?
,229.68414306640625,,,,,,,,0.16270405054092407,?,?,?,?,?,Returning_Visitor,?,?
3.2498397827148438,,,,,3483.4658203125,,,,,?,?,?,?,?,?,?,?
,36.698577880859375,,,,,,,,,Nov,?,8,1,?,?,?,False
,,,,,,,,,,?,?,?,?,?,?,?,?
,,,5.100353240966797,,,,,,,?,?,?,?,?,?,?,?
0.04713630676269531,,0.026275634765625,,4.001075744628906,273.9732666015625,0.004603344947099686,,,,Nov,?,?,?,?,?,?,?
,,,,,,,,,0.2254156768321991,?,2,?,?,?,?,?,?
,,,1.1504745483398438,,,,,,,?,?,?,?,?,?,?,?
,,,135.65914916992188,,,,,27.722675323486328,-9.299442172050476e-05,?,?,?,?,?,?,?,?
,,,-0.3280029296875,,,,,,,?,2,?,1,?,?,False,?
,,,,,,,,,,?,?,?,?,?,?,?,False
,,,135.14755249023438,,,0.0023024939000606537,0.014351168647408485,,,Nov,2,13,?,?,Returning_Visitor,?,?
,,,,,,,,,0.33705127239227295,?,?,?,?,?,?,?,?
0.033934593200683594,,,0.05077362060546875,,,,,,,?,?,?,1,?,?,?,?
,228.08331298828125,,,,,,,,,?,?,?,?,?,Returning_Visitor,False,False
,,,,,,,,20.94786834716797,,?,?,?,?,?,?,?,False
,,0.04100239276885986,,,,,,,,?,?,?,1,?,?,?,?
,199.46585083007812,,,111.33393096923828,,,0.05927072465419769,,,?,?,?,?,?,Returning_Visitor,?,?
,,,,,,,,1.627622127532959,-0.0005588866770267487,?,?,?,?,?,?,?,?
,,,,,,,,3.8240556716918945,0.19982336461544037,?,?,?,?,?,Returning_Visitor,?,?
,,,,,,,,,,?,?,2,?,?,Returning_Visitor,?,?
0.0269622802734375,,,,,258.86090087890625,,,,,?,?,?,?,?,?,?,?
,,,,,,,,,0.3204328417778015,?,?,?,1,?,?,?,?
,388.8064880371094,,-6.739971160888672,32.81165313720703,,,,,,?,?,2,?,?,Returning_Visitor,False,?
,,,,,,0.1370375156402588,,,,?,?,?,?,?,?,?,?
-0.007333993911743164,,0.020976215600967407,,,,,,0.29229164123535156,-0.00043706968426704407,?,?,?,?,?,?,?,?
,,,,,,-0.0004888232797384262,0.047572165727615356,-0.3704342842102051,,Mar,?,?,?,?,?,?,?
2.1048240661621094,,,,,,,,2.3450052738189697,-0.0005044713616371155,?,?,?,?,?,?,?,?
-0.04762625694274902,,,,16.522628784179688,,,,,,?,?,2,1,?,?,False,?
,,,,,1245.38330078125,0.0020731277763843536,,,-0.006786800920963287,?,?,2,1,2,?,?,?
,,,4.034954071044922,,,,,,,?,?,?,?,?,?,?,?
3.946180820465088,,,,,,0.007251126691699028,,,,?,2,2,?,?,?,?,?
0.2120075225830078,,,,,,,,,,?,?,?,?,?,?,?,?
,3.6115264892578125,,,,293.29827880859375,0.009051728062331676,,,0.0002471916377544403,?,?,?,?,?,?,?,?
,,0.037080615758895874,,,,,,,,?,?,?,?,?,?,?,?
,,0.044955939054489136,,,3958.81982421875,,,,,?,?,?,?,?,?,?,?
,,,,,,,,38.19314956665039,,?,?,?,?,?,Returning_Visitor,?,False
,12.948165893554688,,,,,,,,,?,?,?,?,?,?,?,?
,,,,,,,,,-0.004198841750621796,?,?,2,?,2,Returning_Visitor,?,?
,,,,,,,,,,?,?,1,?,?,?,False,?
,,0.03789219260215759,,,,,,,,?,?,2,?,?,?,?,?
,,,,,,,,,-0.0007471852004528046,?,?,2,?,?,?,?,?
,69.48402404785156,,,,,,,,,?,?,?,?,?,Other,False,?
,,,-10.732986450195312,,,0.002018863335251808,,,,May,?,?,?,?,?,?,False
-0.03141641616821289,73.11688232421875,,,,,,,50.243492126464844,,?,?,?,?,?,Returning_Visitor,?,False
3.9700794219970703,,,,,1175.4539794921875,,0.07939644157886505,1.7215838432312012,,?,?,?,1,?,?,?,?
,,,,13.346569061279297,,,,,,?,?,?,1,2,?,?,?
,65.92657470703125,,,,,,,,,?,?,?,?,3,Returning_Visitor,?,?
,,0.029967814683914185,,,,,0.20140527188777924,,,?,?,?,?,?,?,?,?
,,0.054836928844451904,5.186269760131836,84.4821548461914,,,,25.921226501464844,,?,2,?,1,?,?,?,?
2.4113125801086426,,1.8389971256256104,,,,,,,,Nov,?,?,1,?,?,?,False
,,,,,377.2781982421875,,,,,?,?,1,?,3,Returning_Visitor,?,?
,220.84451293945312,,-2.2994461059570312,,,,,,,?,2,?,?,?,Returning_Visitor,?,False
0.031400203704833984,17.611576080322266,,,,,,,,-0.00027665868401527405,?,?,?,?,?,?,?,?
,,,,,,,,,,May,?,?,?,?,?,False,?
,,,,,,,,10.006061553955078,,?,?,?,?,?,?,?,?
,,0.05746021866798401,,18.10039520263672,,,,34.589134216308594,-0.0019327923655509949,?,?,?,1,?,Returning_Visitor,?,False
,8.710235595703125,1.957263708114624,,,,,0.01875334605574608,,,?,?,?,?,?,?,?,False
,,,,,,,,,,?,?,?,?,2,?,?,?
2.0506391525268555,,,,,,,,,,?,?,?,?,2,?,?,?
,,,,,2903.51416015625,,,4.019443035125732,,?,?,?,?,?,?,False,False
,,,,,,,,1.7024822235107422,,Nov,2,?,?,?,?,?,?
,,,,,,,,,,Nov,?,?,1,?,?,?,?
0.7284486293792725,,,,19.724613189697266,,,,,,?,?,?,?,?,Returning_Visitor,?,?
0.14867520332336426,5.438591003417969,,,,,,0.02531200647354126,,,?,?,?,?,2,?,?,False
,,0.027401238679885864,,,1419.1876220703125,,,,,?,?,?,?,?,?,False,?
,,,0.075927734375,,2077.153564453125,,,,,?,?,?,1,?,?,?,?
,,,,,,0.01984824799001217,,,0.11961519718170166,Nov,?,?,?,?,Returning_Visitor,False,?
,,,,,,,,,,?,?,?,1,?,Returning_Visitor,False,?
,,,,,,,0.017347414046525955,,,Nov,1,?,1,?,?,?,?
0.022650957107543945,,,,6.118104934692383,,,,,,?,?,?,?,?,?,?,?
4.993390083312988,,,5.376609802246094,,,0.003299228847026825,,,0.06963948160409927,?,?,?,?,?,?,?,?
,16.045677185058594,,,28.847755432128906,,,0.06904500722885132,1.2201509475708008,,?,?,2,?,?,?,?,?
,,,,,,0.0019491147249937057,0.013179250061511993,,,?,?,?,?,?,?,?,?
,,,,3.819141387939453,285.4080810546875,0.005635032430291176,,,,?,?,2,?,?,?,?,?
,,,,,,,,,,May,?,?,?,?,?,?,?
,,0.057534873485565186,,7.495967864990234,,,,,,?,?,?,?,?,?,?,?
,,3.7755696773529053,,57.50507354736328,,,,,,Mar,?,?,?,?,?,?,?
0.029284000396728516,,,0.77691650390625,,355.54437255859375,,0.054262153804302216,,,?,?,1,?,?,?,?,?
,,,66.05087280273438,30.086809158325195,,,,,,?,?,2,?,?,?,?,?
,,,,,,0.016408808529376984,,,,?,?,1,?,1,?,?,?
,,,,3.8426570892333984,286.68084716796875,-0.002576429396867752,,,,?,?,?,?,?,?,?,False
,,,,,,,,,,?,?,2,?,?,Returning_Visitor,?,?
,,,,44.854469299316406,,,,,,?,?,?,1,?,?,?,?
,,,,10.307497024536133,,,,,,?,?,?,?,?,?,?,?
,,,,,,,,,-0.0010887347161769867,?,?,2,?,?,?,?,?
-0.01652050018310547,,,,,606.1935424804688,,0.040153734385967255,,,?,2,?,?,2,?,?,True
,,,2.1445884704589844,,,,,,,?,?,?,?,?,?,?,?
,,,,,,,,,,?,?,?,1,?,?,?,True
,,,-11.859676361083984,,1241.23779296875,,,,0.15981197357177734,Nov,?,?,?,?,?,?,False
0.10025715827941895,,,,,,,,0.42943620681762695,,?,?,?,?,?,?,?,?
,10.409767150878906,,,,342.038330078125,0.013014773838222027,,,0.2806730270385742,?,2,2,?,?,?,?,?
,,,,,,,,4.304645538330078,,?,?,?,?,?,?,?,?
,,,,,2080.828369140625,,,,,May,?,?,?,1,?,?,?
,,,,,,,,,,?,?,?,1,?,?,?,?
,,,,,,,,,,?,?,?,?,?,?,?,?
,,,0.3283843994140625,,,,0.03826375678181648,51.462921142578125,,?,?,?,?,?,Returning_Visitor,?,False
,94.91619110107422,,,,,,0.0150986947119236,,,?,2,?,?,?,?,?,False
,157.4202117919922,,,120.83261108398438,,,0.053659748286008835,,,Nov,1,?,?,?,?,?,True
,,,,,,,,-0.017282485961914062,,?,?,2,?,?,?,False,?
,,,,,,,,0.24042558670043945,,?,?,2,?,?,?,False,?
,,,,,388.9635009765625,,,,,?,?,?,?,?,?,?,?
0.04448342323303223,7.7127838134765625,,,,,,,,,?,2,?,?,?,?,?,?
,,,,,,,,,,?,2,2,?,?,?,?,False
,,0.024089783430099487,,4.192914962768555,,,,-0.09692144393920898,,?,?,?,?,1,?,?,?
,,,,,,,0.04272879287600517,,,?,?,?,?,?,?,?,?
,,,0.3643531799316406,27.236865997314453,,,0.05777028203010559,,,?,?,?,?,?,?,?,?
,,,176.44256591796875,,,,,,,?,?,?,?,?,?,False,False
,183.34893798828125,0.06569063663482666,,,,,,,-0.0055801644921302795,?,?,?,1,2,?,?,False
,,,,,,,,1.601597785949707,,?,?,?,?,2,?,False,?
,411.7691650390625,,,,,0.002425350248813629,,,,?,?,?,?,?,?,?,?
0.02468585968017578,,,1.212738037109375,,260.834228515625,,,-0.13467645645141602,,?,?,?,?,?,?,?,?
,190.57632446289062,,,,,,,3.5377233028411865,,?,?,?,?,2,?,?,?
,,,,50.461883544921875,,,,,0.0007508769631385803,?,2,2,?,?,?,?,?
,,,,,3072.532958984375,,,,,?,?,?,?,1,?,?,False
,,,-10.038883209228516,,,,,,,Nov,?,2,?,?,?,?,?
,,0.06835037469863892,,,,,,,0.0828823372721672,?,?,?,1,?,?,False,False
,79.89512634277344,,,25.290178298950195,,,,,,?,?,2,?,2,?,?,?
,,,-8.439865112304688,3.265880584716797,,,,,0.0019298307597637177,?,?,?,?,?,Returning_Visitor,False,?
,,,,63.24943542480469,,,0.03749743849039078,5.576287269592285,0.14250484108924866,?,?,?,?,2,Returning_Visitor,?,?
,,0.037944644689559937,,,,,,19.52418327331543,,?,?,2,1,?,?,?,False
,31.381183624267578,,,,,,,,,?,?,?,1,?,?,False,?
,,,,,,0.00829226989299059,,,,?,?,?,1,?,?,True,False
,4.284980773925781,,,,,,,0.3153858184814453,,May,?,?,?,3,?,?,?
,,,,,,0.013095599599182606,,,,?,?,?,?,?,?,False,?
,,0.024098724126815796,-0.2646636962890625,,,,,,-0.0006005987524986267,?,?,1,?,?,?,?,?
,260.4962463378906,,,,,0.0038944296538829803,,,,?,?,?,?,?,Returning_Visitor,?,?
,,,,,,0.005951041355729103,,,,?,?,?,?,?,?,?,?
,39.11997985839844,,,,1143.656494140625,,,,0.0018962360918521881,?,2,?,?,?,?,False,?
,,,,,402.60638427734375,,0.04384029284119606,,,?,?,1,?,?,?,?,False
,,,,,,,,,,?,?,2,?,4,?,?,False
,183.2249755859375,,,,,0.015589287504553795,,,0.11439743638038635,Nov,?,?,?,?,Returning_Visitor,False,True
,,,,,,,,29.03247833251953,-7.117539644241333e-05,?,?,?,?,?,?,?,?
0.20348286628723145,,,52.339515686035156,,,,,,,?,3,2,?,?,?,?,False
,,,,25.56441879272461,,,,,,May,?,2,?,?,?,?,False
,,,,,,,,,,?,?,?,?,?,?,?,?
,,,111.41215515136719,,,,,2.3338844776153564,,?,?,?,?,?,?,False,?
1.3582348823547363,,,1.7502403259277344,,,,,,,?,?,2,?,?,?,?,?
2.0669105052948,,,,,,,0.022351162508130074,,0.10136046260595322,Oct,?,?,?,?,?,?,?
,,0.041367530822753906,,,,0.0011805370450019836,0.10055609792470932,,,?,?,?,?,?,Returning_Visitor,?,?
,,0.03813064098358154,,,,,,,0.2958732843399048,?,2,?,?,3,?,?,False
,,,,100.277099609375,,,,,-0.0006139911711215973,?,?,2,?,?,?,?,?
4.785624027252197,,,-6.889842987060547,,,,,,0.11275268346071243,May,?,?,?,?,?,?,?
,,,,,,,,,,?,?,?,?,?,?,?,?
,69.4012222290039,0.052593737840652466,,,,,,,,?,?,?,?,?,Returning_Visitor,?,?
-0.06286406517028809,,1.4600815773010254,,120.8429946899414,,-0.003733208402991295,,,,?,?,?,?,?,?,?,?
,,,0.9178428649902344,,,,,,,?,?,?,?,?,?,?,?
,110.67188262939453,,,,,,,,0.08217751979827881,Dec,8,?,?,?,New_Visitor,?,True
0.20642423629760742,7.0342254638671875,,,,,,0.018947899341583252,6.520428657531738,,?,?,?,?,?,?,False,?
,1.89129638671875,,,5.806451797485352,,,,,-0.004737682640552521,?,?,?,?,3,?,?,False
,,0.016731590032577515,,13.676628112792969,280.10906982421875,,0.09630406647920609,,,?,2,?,?,2,?,?,?
,,,,,,,,28.344207763671875,,?,?,?,?,?,Returning_Visitor,?,?
,,,,,772.915283203125,,,,,?,3,2,?,?,?,?,?
8.142202377319336,,,,,,,,,,?,?,2,?,?,?,?,?
,,,0.18523406982421875,20.970821380615234,,,0.032623738050460815,55.536354064941406,,?,?,?,1,?,?,False,False
,,,,,4107.81689453125,,,5.282027721405029,,?,?,?,?,?,?,?,?
0.2723395824432373,,0.0617806613445282,,,,,,,,?,2,?,?,?,?,?,False
,,,-2.1051254272460938,,250.3424072265625,,0.11295691132545471,,,?,?,?,?,?,Returning_Visitor,False,?
,,0.06235036253929138,-16.925254821777344,,,,,2.2613260746002197,0.12802919745445251,Nov,?,13,?,2,Returning_Visitor,?,?
,,0.053043633699417114,,,745.64697265625,,0.02791769802570343,,,May,?,?,?,?,?,?,?
,,,,,,,,,-0.007579036056995392,?,?,?,1,1,?,?,?
0.08599519729614258,,,,,,,0.02242855913937092,66.49638366699219,,May,?,?,?,?,?,True,False
,,,,,,,0.012217188253998756,,,?,?,1,1,2,?,?,?
-0.045935630798339844,,,,68.32149505615234,,,,,,?,?,?,?,?,?,False,?
,,,1.0126113891601562,,,,,,-0.0056490227580070496,?,3,?,?,13,?,False,?
,,,,18.124935150146484,,,0.20018716156482697,,,?,?,?,?,?,?,?,?
,,,,,318.85076904296875,,0.06595072150230408,36.52153778076172,0.09830896556377411,?,?,?,?,?,?,False,False
4.944520473480225,,,,,,,,2.942033290863037,,Nov,?,?,?,?,?,?,?
,,,,56.58959197998047,,,0.044289473444223404,,,?,?,?,?,2,?,?,?
2.7782156467437744,,,,,,,,,,May,?,?,?,?,?,?,?
,,,,,,,,,,?,?,?,?,2,?,?,False
5.0173492431640625,,0.0585307776927948,,,,,,,-0.0006836093962192535,?,?,1,?,?,?,?,?
-0.016450166702270508,11.044265747070312,,1.4068984985351562,,,,0.07449641823768616,,0.00013681501150131226,?,2,?,?,?,?,?,?
,71.03827667236328,,,3.3737125396728516,,,,,,?,?,?,?,2,Returning_Visitor,?,?
,,,,,,0.1271405965089798,,,,?,?,?,?,?,?,?,?
,,,,66.58501434326172,,-0.002489803358912468,0.040358491241931915,,,Nov,?,?,?,?,?,False,?
,,,,,765.395263671875,,,0.2536802291870117,,?,?,?,?,?,?,?,?
,,0.07047149538993835,6.810281753540039,,,,,,0.09508989006280899,?,?,?,?,?,?,False,?
,,0.03077182173728943,,,,,0.1600228250026703,,,?,?,?,?,?,?,?,?
,,,163.0520782470703,,,,,,0.07082066684961319,Nov,?,?,1,?,?,?,False
,,,6.856935501098633,,,,,,,?,?,?,?,?,?,?,False
,,,,,,,0.017927229404449463,,,?,?,?,?,2,?,?,?
,,,,13.06805419921875,,,0.03706011176109314,,0.0852699801325798,Nov,?,?,?,?,New_Visitor,?,?
,,0.01617392897605896,,24.73719596862793,,-0.0003943685442209244,0.047642529010772705,,,?,?,?,?,?,?,?,?
,130.29969787597656,,-0.13554763793945312,,277.54815673828125,,,,,?,?,?,1,?,?,?,?
,,,,,,,0.03023679181933403,,,?,?,?,?,?,?,False,?
,,,,,,0.006585069000720978,,,,May,?,?,?,?,?,?,?
,,,,,,,,,,Nov,?,?,?,1,?,?,True
3.928039073944092,,,,9.381715774536133,286.44549560546875,0.0018971823155879974,,0.37982892990112305,,Dec,?,2,1,?,?,?,?
,,,-11.227489471435547,,562.5302124023438,,,0.15958547592163086,,May,?,?,?,1,?,?,?
,,,,,,,,,,May,?,?,?,?,?,False,?
,,,,13.752079010009766,279.74468994140625,,0.09593172371387482,,,?,?,?,?,?,?,?,False
,,,,,,,,,0.0009058788418769836,?,?,?,?,?,Returning_Visitor,?,?
,,,,5.620628356933594,268.35723876953125,,,,0.0019168667495250702,?,?,?,?,?,?,False,?
,,,6.321039199829102,,,,,,,?,?,?,1,?,?,?,?
,,,,84.80123138427734,,,,26.869400024414062,,?,2,?,?,2,?,?,False
,,,,,,,,,0.0004304535686969757,?,?,?,?,?,?,?,True
,68.89051818847656,,,,,,,,,Dec,?,?,?,?,Returning_Visitor,?,?
0.2252650260925293,,0.02395346760749817,2.0585670471191406,,1276.97509765625,,,,,?,?,?,?,?,?,?,?
,68.97894287109375,0.052363306283950806,-8.980926513671875,,612.8890380859375,,,,,?,?,?,1,?,Returning_Visitor,?,?
,,,,,,,,,-0.00039229169487953186,?,?,?,?,?,?,False,?
0.07354068756103516,,,,,,,0.055763907730579376,48.234317779541016,,?,?,?,?,2,?,?,False
,113.5406265258789,0.04730895161628723,,,,,,54.86296844482422,,?,?,2,1,?,Returning_Visitor,?,False
,,,-9.95479965209961,,,,0.034639712423086166,3.182469367980957,,Nov,3,?,?,?,?,False,?
,,,,35.259620666503906,,,0.06405262649059296,,,?,2,2,?,2,?,?,False
,,,,29.022010803222656,,,,,,?,?,?,?,?,?,?,?
,,0.0330025851726532,,,,,0.05474101006984711,,,?,?,?,?,2,?,?,?
,,,-15.83743667602539,14.195487976074219,,,,,0.12379409372806549,Mar,?,?,1,?,?,?,?
,9.353958129882812,,-1.949981689453125,,818.8477783203125,,,,-0.0050440579652786255,?,1,?,1,?,?,False,False
6.156233310699463,,,,,,0.010801838710904121,,23.826656341552734,,?,?,?,?,?,?,?,False
,,,,12.064319610595703,262.3035888671875,-0.0018984060734510422,,,,May,?,?,?,2,Returning_Visitor,?,?
4.571156978607178,,,,,,,,,0.07432560622692108,Nov,?,1,?,?,?,?,?
,,,-0.6071701049804688,4.064294815063477,,-0.001328909769654274,,,,?,?,?,?,?,?,?,?
,190.10484313964844,0.049101829528808594,,,,0.004154806956648827,,5.188753128051758,,?,2,?,?,?,?,False,?
